原表記,英語,日本漢字,ピンイン,粤拼,カタカナ,路線,確認方法
金鐘,Admiralty,金鐘,Jīnzhōng,gam1 zung1,カムチョン,ISL/TWL/SIL/EAL,AI照合（英語公式名・粤拼・定着名・字形の点検、2026-10-06）／本人承認
灣仔,Wan Chai,湾仔,Wānzǎi,waan1 zai2,ワンチャイ,ISL,AI照合（英語公式名・粤拼・定着名・字形の点検、2026-10-06）／本人承認
中環,Central,中環,Zhōnghuán,zung1 waan4,チョンワン,ISL/TWL,AI照合（英語公式名・粤拼・定着名・字形の点検、2026-10-06）／本人承認
銅鑼灣,Causeway Bay,銅鑼湾,Tóngluówān,tung4 lo4 waan1,トンローワン,ISL,AI照合（英語公式名・粤拼・定着名・字形の点検、2026-10-06）／本人承認
上環,Sheung Wan,上環,Shànghuán,soeng6 waan4,ションワン,ISL,AI照合（英語公式名・粤拼・定着名・字形の点検、2026-10-06）／本人承認
炮台山,Fortress Hill,炮台山,Pàotáishān,paau3 toi4 saan1,パウトイサン,ISL,AI照合（英語公式名・粤拼・定着名・字形の点検、2026-10-06）／本人承認
天后,Tin Hau,天后,Tiānhòu,tin1 hau6,ティンハウ,ISL,AI照合（英語公式名・粤拼・定着名・字形の点検、2026-10-06）／本人承認
西營盤,Sai Ying Pun,西営盤,Xīyíngpán,sai1 jing4 pun4,サイインプン,ISL,AI照合（英語公式名・粤拼・定着名・字形の点検、2026-10-06）／本人承認
北角,North Point,北角,Běijiǎo,bak1 gok3,パックコック,ISL/TKL,AI照合（英語公式名・粤拼・定着名・字形の点検、2026-10-06）／本人承認
香港大學,HKU,香港大学,Xiānggǎng Dàxué,hoeng1 gong2 daai6 hok6,ホンコン・タイホック,ISL,AI照合（英語公式名・粤拼・定着名・字形の点検、2026-10-06）／本人承認
鰂魚涌,Quarry Bay,鰂魚涌,Zéiyúchōng,zak1 jyu4 cung1,チャックユーチョン,ISL/TKL,AI照合（英語公式名・粤拼・定着名・字形の点検、2026-10-06）／本人承認
堅尼地城,Kennedy Town,堅尼地城,Jiānnídìchéng,gin1 nei4 dei6 sing4,キンネイテイシン,ISL,AI照合（英語公式名・粤拼・定着名・字形の点検、2026-10-06）／本人承認
太古,Tai Koo,太古,Tàigǔ,taai3 gu2,タイクー,ISL,AI照合（英語公式名・粤拼・定着名・字形の点検、2026-10-06）／本人承認
西灣河,Sai Wan Ho,西湾河,Xīwānhé,sai1 waan1 ho2,サイワンホー,ISL,AI照合（英語公式名・粤拼・定着名・字形の点検、2026-10-06）／本人承認
筲箕灣,Shau Kei Wan,筲箕湾,Shāojīwān,saau1 gei1 waan1,サウケイワン,ISL,AI照合（英語公式名・粤拼・定着名・字形の点検、2026-10-06）／本人承認
尖沙咀,Tsim Sha Tsui,尖沙咀,Jiānshājǔ,zim1 saa1 zeoi2,チムサーチョイ,TWL,AI照合（英語公式名・粤拼・定着名・字形の点検、2026-10-06）／本人承認
佐敦,Jordan,佐敦,Zuǒdūn,zo2 deon1,チョートン,TWL,AI照合（英語公式名・粤拼・定着名・字形の点検、2026-10-06）／本人承認
油麻地,Yau Ma Tei,油麻地,Yóumádì,jau4 maa4 dei2,ヤウマテイ,TWL/KTL,AI照合（英語公式名・粤拼・定着名・字形の点検、2026-10-06）／本人承認
旺角,Mong Kok,旺角,Wàngjiǎo,wong6 gok3,モンコック,TWL/KTL,AI照合（英語公式名・粤拼・定着名・字形の点検、2026-10-06）／本人承認
太子,Prince Edward,太子,Tàizǐ,taai3 zi2,タイチー,TWL/KTL,AI照合（英語公式名・粤拼・定着名・字形の点検、2026-10-06）／本人承認
深水埗,Sham Shui Po,深水埗,Shēnshuǐbù,sam1 seoi2 bou2,シャムスイポー,TWL,AI照合（2026-10-06）／本人承認。粤拼は外部レビュー（GPT）の指摘を粵典（words.hk）で確認して bou6→bou2（2026-10-07）
長沙灣,Cheung Sha Wan,長沙湾,Chángshāwān,coeng4 saa1 waan4,チョンサーワン,TWL,AI照合（英語公式名・粤拼・定着名・字形の点検、2026-10-06）／本人承認
荔枝角,Lai Chi Kok,茘枝角,Lìzhījiǎo,lai6 zi1 gok3,ライチーコック,TWL,AI照合（英語公式名・粤拼・定着名・字形の点検、2026-10-06）／本人承認
美孚,Mei Foo,美孚,Měifú,mei5 fu1,メイフー,TWL/TML,AI照合（英語公式名・粤拼・定着名・字形の点検、2026-10-06）／本人承認
何文田,Ho Man Tin,何文田,Héwéntián,ho4 man4 tin4,ホーマンティン,KTL/TML,AI照合（英語公式名・粤拼・定着名・字形の点検、2026-10-06）／本人承認
黃埔,Whampoa,黄埔,Huángpǔ,wong4 bou3,ウォンポー,KTL,AI照合（英語公式名・粤拼・定着名・字形の点検、2026-10-06）／本人承認
石硤尾,Shek Kip Mei,石硤尾,Shíxiáwěi,sek6 gip3 mei5,セックキップメイ,KTL,AI照合（英語公式名・粤拼・定着名・字形の点検、2026-10-06）／本人承認
九龍塘,Kowloon Tong,九龍塘,Jiǔlóngtáng,gau2 lung4 tong4,カオルーントン,KTL/EAL,AI照合（英語公式名・粤拼・定着名・字形の点検、2026-10-06）／本人承認
樂富,Lok Fu,楽富,Lèfù,lok6 fu3,ロックフー,KTL,AI照合（英語公式名・粤拼・定着名・字形の点検、2026-10-06）／本人承認
牛頭角,Ngau Tau Kok,牛頭角,Niútóujiǎo,ngau4 tau4 gok3,ガウタウコック,KTL,AI照合（英語公式名・粤拼・定着名・字形の点検、2026-10-06）／本人承認
九龍灣,Kowloon Bay,九龍湾,Jiǔlóngwān,gau2 lung4 waan1,カオルーンワン,KTL,AI照合（英語公式名・粤拼・定着名・字形の点検、2026-10-06）／本人承認
黃大仙,Wong Tai Sin,黄大仙,Huángdàxiān,wong4 daai6 sin1,ウォンタイシン,KTL,AI照合（英語公式名・粤拼・定着名・字形の点検、2026-10-06）／本人承認
觀塘,Kwun Tong,観塘,Guāntáng,gun1 tong4,クントン,KTL,AI照合（英語公式名・粤拼・定着名・字形の点検、2026-10-06）／本人承認
鑽石山,Diamond Hill,鑽石山,Zuànshíshān,zyun3 sek6 saan1,チュンセックサン,KTL/TML,AI照合（英語公式名・粤拼・定着名・字形の点検、2026-10-06）／本人承認
海洋公園,Ocean Park,海洋公園,Hǎiyáng Gōngyuán,hoi2 joeng4 gung1 jyun2,ホイヨン・コンユン,SIL,AI照合（英語公式名・粤拼・定着名・字形の点検、2026-10-06）／本人承認
黃竹坑,Wong Chuk Hang,黄竹坑,Huángzhúkēng,wong4 zuk1 haang1,ウォンチョックハン,SIL,AI照合（英語公式名・粤拼・定着名・字形の点検、2026-10-06）／本人承認
利東,Lei Tung,利東,Lìdōng,lei6 dung1,レイトン,SIL,AI照合（英語公式名・粤拼・定着名・字形の点検、2026-10-06）／本人承認
海怡半島,South Horizons,海怡半島,Hǎiyí Bàndǎo,hoi2 ji4 bun3 dou2,ホイイー・プントー,SIL,AI照合（英語公式名・粤拼・定着名・字形の点検、2026-10-06）／本人承認
香港,Hong Kong,香港,Xiānggǎng,hoeng1 gong2,ホンコン,TCL/AEL,AI照合（英語公式名・粤拼・定着名・字形の点検、2026-10-06）／本人承認
九龍,Kowloon,九龍,Jiǔlóng,gau2 lung4,カオルーン,TCL/AEL,AI照合（英語公式名・粤拼・定着名・字形の点検、2026-10-06）／本人承認
奧運,Olympic,奥運,Àoyùn,ou3 wan6,オーワン,TCL,AI照合（英語公式名・粤拼・定着名・字形の点検、2026-10-06）／本人承認
南昌,Nam Cheong,南昌,Nánchāng,naam4 coeng1,ナムチョン,TCL/TML,AI照合（英語公式名・粤拼・定着名・字形の点検、2026-10-06）／本人承認
會展,Exhibition Centre,会展,Huìzhǎn,wui6 zin2,ウイチン,EAL,AI照合（英語公式名・粤拼・定着名・字形の点検、2026-10-06）／本人承認
紅磡,Hung Hom,紅磡,Hóngkàn,hung4 ham3,ホンハム,EAL/TML,AI照合（英語公式名・粤拼・定着名・字形の点検、2026-10-06）／本人承認
旺角東,Mong Kok East,旺角東,Wàngjiǎo Dōng,wong6 gok3 dung1,モンコック・トン,EAL,AI照合（英語公式名・粤拼・定着名・字形の点検、2026-10-06）／本人承認
尖東,East Tsim Sha Tsui,尖東,Jiāndōng,zim1 dung1,チムトン,TML,AI照合（英語公式名・粤拼・定着名・字形の点検、2026-10-06）／本人承認
柯士甸,Austin,柯士甸,Kēshìdiān,o1 si6 din1,オーシーティン,TML,AI照合（英語公式名・粤拼・定着名・字形の点検、2026-10-06）／本人承認
土瓜灣,To Kwa Wan,土瓜湾,Tǔguāwān,tou2 gwaa1 waan4,トークワーワン,TML,AI照合（英語公式名・粤拼・定着名・字形の点検、2026-10-06）／本人承認
宋皇臺,Sung Wong Toi,宋皇台,Sònghuángtái,sung3 wong4 toi4,ソンウォントイ,TML,AI照合（英語公式名・粤拼・定着名・字形の点検、2026-10-06）／本人承認
啟德,Kai Tak,啓徳,Qǐdé,kai2 dak1,カイタック,TML,AI照合（英語公式名・粤拼・定着名・字形の点検、2026-10-06）／本人承認
