原表記,日本漢字,ピンイン,カタカナ,路線,確認方法
杨箕,楊箕,Yángjī,ヤンジー,1/5,AI照合（英語公式名との突き合わせ・多音字と字形の点検、2026-10-06）／本人承認
东山口,東山口,Dōngshānkǒu,ドンシャンコウ,1/6,AI照合（英語公式名との突き合わせ・多音字と字形の点検、2026-10-06）／本人承認
体育西路,体育西路,Tǐyù Xī Lù,ティーユー・シールー,1/3,AI照合（英語公式名との突き合わせ・多音字と字形の点検、2026-10-06）／本人承認
烈士陵园,烈士陵園,Lièshì Língyuán,リエシー・リンユエン,1,AI照合（英語公式名との突き合わせ・多音字と字形の点検、2026-10-06）／本人承認
广州东站,広州東站,Guǎngzhōu Dōngzhàn,グアンジョウ・ドンジャン,1/3/11,AI照合（英語公式名との突き合わせ・多音字と字形の点検、2026-10-06）／本人承認
公园前,公園前,Gōngyuánqián,ゴンユエンチエン,1/2,AI照合（英語公式名との突き合わせ・多音字と字形の点検、2026-10-06）／本人承認
陈家祠,陳家祠,Chénjiācí,チェンジャーツー,1/8,AI照合（英語公式名との突き合わせ・多音字と字形の点検、2026-10-06）／本人承認
海珠广场,海珠広場,Hǎizhū Guǎngchǎng,ハイジュー・グアンチャン,2/6,AI照合（英語公式名との突き合わせ・多音字と字形の点検、2026-10-06）／本人承認
昌岗,昌崗,Chānggǎng,チャンガン,2/8,AI照合（英語公式名との突き合わせ・多音字と字形の点検、2026-10-06）／本人承認
江泰路,江泰路,Jiāngtài Lù,ジアンタイ・ルー,2/11,AI照合（英語公式名との突き合わせ・多音字と字形の点検、2026-10-06）／本人承認
广州火车站,広州火車站,Guǎngzhōu Huǒchēzhàn,グアンジョウ・フオチョージャン,2/5,AI照合（英語公式名との突き合わせ・多音字と字形の点検、2026-10-06）／本人承認
珠江新城,珠江新城,Zhūjiāng Xīnchéng,ジュージアン・シンチョン,3/5,AI照合（英語公式名との突き合わせ・多音字と字形の点検、2026-10-06）／本人承認
广州塔,広州塔,Guǎngzhōutǎ,グアンジョウター,3/APM,AI照合（英語公式名との突き合わせ・多音字と字形の点検、2026-10-06）／本人承認
客村,客村,Kècūn,コーツン,3/8,AI照合（英語公式名との突き合わせ・多音字と字形の点検、2026-10-06）／本人承認
林和西,林和西,Línhé Xī,リンホー・シー,3/APM,AI照合（英語公式名との突き合わせ・多音字と字形の点検、2026-10-06）／本人承認
大塘,大塘,Dàtáng,ダータン,3/11,AI照合（英語公式名との突き合わせ・多音字と字形の点検、2026-10-06）／本人承認
华师,華師,Huáshī,ホアシー,3/11,AI照合（英語公式名との突き合わせ・多音字と字形の点検、2026-10-06）／本人承認
五羊邨,五羊邨,Wǔyángcūn,ウーヤンツン,5/10,AI照合（英語公式名との突き合わせ・多音字と字形の点検、2026-10-06）／本人承認
动物园,動物園,Dòngwùyuán,ドンウーユエン,5,AI照合（英語公式名との突き合わせ・多音字と字形の点検、2026-10-06）／本人承認
区庄,区荘,Ōuzhuāng,オウジュアン,5/6,AI照合（英語公式名との突き合わせ・多音字と字形の点検、2026-10-06）／本人承認
猎德,猟徳,Lièdé,リエドー,5,AI照合（英語公式名との突き合わせ・多音字と字形の点検、2026-10-06）／本人承認
淘金,淘金,Táojīn,タオジン,5,AI照合（英語公式名との突き合わせ・多音字と字形の点検、2026-10-06）／本人承認
员村,員村,Yuáncūn,ユエンツン,5/11,AI照合（英語公式名との突き合わせ・多音字と字形の点検、2026-10-06）／本人承認
东湖,東湖,Dōnghú,ドンフー,6/10,AI照合（英語公式名との突き合わせ・多音字と字形の点検、2026-10-06）／本人承認
黄花岗,黄花崗,Huánghuāgǎng,ホアンホアガン,6,AI照合（英語公式名との突き合わせ・多音字と字形の点検、2026-10-06）／本人承認
团一大广场,団一大広場,Tuányīdà Guǎngchǎng,トゥアンイーダー・グアンチャン,6,AI照合（英語公式名との突き合わせ・多音字と字形の点検、2026-10-06）／本人承認
沙河,沙河,Shāhé,シャーホー,6/11,AI照合（英語公式名との突き合わせ・多音字と字形の点検、2026-10-06）／本人承認
文化公园,文化公園,Wénhuà Gōngyuán,ウェンホア・ゴンユエン,6/8,AI照合（英語公式名との突き合わせ・多音字と字形の点検、2026-10-06）／本人承認
鹭江,鷺江,Lùjiāng,ルージアン,8,AI照合（英語公式名との突き合わせ・多音字と字形の点検、2026-10-06）／本人承認
赤岗,赤崗,Chìgǎng,チーガン,8/12,AI照合（英語公式名との突き合わせ・多音字と字形の点検、2026-10-06）／本人承認
磨碟沙,磨碟沙,Módiéshā,モーディエシャー,8/18,AI照合（英語公式名との突き合わせ・多音字と字形の点検、2026-10-06）／本人承認
沙园,沙園,Shāyuán,シャーユエン,8/GF,AI照合（英語公式名との突き合わせ・多音字と字形の点検、2026-10-06）／本人承認
彩虹桥,彩虹橋,Cǎihóngqiáo,ツァイホンチャオ,8/11,AI照合（英語公式名との突き合わせ・多音字と字形の点検、2026-10-06）／本人承認
杨箕东,楊箕東,Yángjī Dōng,ヤンジー・ドン,10,AI照合（英語公式名との突き合わせ・多音字と字形の点検、2026-10-06）／本人承認
滨江东路,浜江東路,Bīnjiāng Dōng Lù,ビンジアン・ドンルー,10,AI照合（英語公式名との突き合わせ・多音字と字形の点検、2026-10-06）／本人承認
五凤,五鳳,Wǔfèng,ウーフォン,10/11,AI照合（英語公式名との突き合わせ・多音字と字形の点検、2026-10-06）／本人承認
龙潭,龍潭,Lóngtán,ロンタン,11/18,AI照合（英語公式名との突き合わせ・多音字と字形の点検、2026-10-06）／本人承認
天河公园,天河公園,Tiānhé Gōngyuán,ティエンホー・ゴンユエン,11/13/21,AI照合（英語公式名との突き合わせ・多音字と字形の点検、2026-10-06）／本人承認
赤沙,赤沙,Chìshā,チーシャー,11/12,AI照合（英語公式名との突き合わせ・多音字と字形の点検、2026-10-06）／本人承認
沙涌,沙涌,Shāchōng,シャーチョン,11/GF,AI照合（英語公式名との突き合わせ・多音字と字形の点検、2026-10-06）／本人承認
二沙岛,二沙島,Èrshādǎo,アルシャーダオ,12,AI照合（英語公式名との突き合わせ・多音字と字形の点検、2026-10-06）／本人承認
赤岗塔,赤崗塔,Chìgǎngtǎ,チーガンター,12,AI照合（英語公式名との突き合わせ・多音字と字形の点検、2026-10-06）／本人承認
冼村,冼村,Xiǎncūn,シエンツン,18,AI照合（英語公式名との突き合わせ・多音字と字形の点検、2026-10-06）／本人承認
大剧院,大劇院,Dàjùyuàn,ダージューユエン,APM,AI照合（英語公式名との突き合わせ・多音字と字形の点検、2026-10-06）／本人承認
花城大道,花城大道,Huāchéng Dàdào,ホアチョン・ダーダオ,APM,AI照合（英語公式名との突き合わせ・多音字と字形の点検、2026-10-06）／本人承認
海心沙,海心沙,Hǎixīnshā,ハイシンシャー,APM,AI照合（英語公式名との突き合わせ・多音字と字形の点検、2026-10-06）／本人承認
妇儿中心,婦児中心,Fù'ér Zhōngxīn,フーアル・ジョンシン,APM,AI照合（英語公式名との突き合わせ・多音字と字形の点検、2026-10-06）／本人承認
黄埔大道,黄埔大道,Huángpǔ Dàdào,ホアンプー・ダーダオ,APM,AI照合（英語公式名との突き合わせ・多音字と字形の点検、2026-10-06）／本人承認
天河南,天河南,Tiānhé Nán,ティエンホー・ナン,APM,AI照合（英語公式名との突き合わせ・多音字と字形の点検、2026-10-06）／本人承認
体育中心南,体育中心南,Tǐyù Zhōngxīn Nán,ティーユー・ジョンシン・ナン,APM,AI照合（英語公式名との突き合わせ・多音字と字形の点検、2026-10-06）／本人承認
