原表記,日本漢字,ピンイン,カタカナ,路線
浦东1号2号航站楼,浦東1号2号航站楼,Pǔdōng Yī Hào Èr Hào Hángzhànlóu,プードン・イーハオ・アルハオ・ハンジャンロウ,2
海天三路,海天三路,Hǎitiān Sān Lù,ハイティエン・サンルー,2
远东大道,遠東大道,Yuǎndōng Dàdào,ユエンドン・ダーダオ,2
凌空路,凌空路,Língkōng Lù,リンコン・ルー,2
川沙,川沙,Chuānshā,チュアンシャー,2
华夏东路,華夏東路,Huáxià Dōng Lù,ホアシア・ドンルー,2
创新中路,創新中路,Chuàngxīn Zhōng Lù,チュアンシン・ジョンルー,2
唐镇,唐鎮,Tángzhèn,タンジェン,2
广兰路,広蘭路,Guǎnglán Lù,グアンラン・ルー,2
金科路,金科路,Jīnkē Lù,ジンコー・ルー,2
张江高科,張江高科,Zhāngjiāng Gāokē,ジャンジアン・ガオコー,2
龙阳路,龍陽路,Lóngyáng Lù,ロンヤン・ルー,2/7/16/18
世纪公园,世紀公園,Shìjì Gōngyuán,シージー・ゴンユエン,2
上海科技馆,上海科技館,Shànghǎi Kējìguǎn,シャンハイ・コージーグアン,2
世纪大道,世紀大道,Shìjì Dàdào,シージー・ダーダオ,2/4/6/9
浦东南路,浦東南路,Pǔdōng Nán Lù,プードン・ナンルー,2/14
陆家嘴,陸家嘴,Lùjiāzuǐ,ルージャーズイ,2/14
南京东路,南京東路,Nánjīng Dōng Lù,ナンジン・ドンルー,2/10
人民广场,人民広場,Rénmín Guǎngchǎng,レンミン・グアンチャン,1/2/8
南京西路,南京西路,Nánjīng Xī Lù,ナンジン・シールー,2/12/13
静安寺,静安寺,Jìng'ān Sì,ジンアン・スー,2/7/14
上海火车站,上海火車站,Shànghǎi Huǒchēzhàn,シャンハイ・フオチョージャン,1/3/4
汉中路,漢中路,Hànzhōng Lù,ハンジョン・ルー,1/12/13
新闸路,新閘路,Xīnzhá Lù,シンジャー・ルー,1
一大会址·黄陂南路,一大会址・黄陂南路,Yīdà Huìzhǐ · Huángpí Nán Lù,イーダー・フイジー／ホアンピー・ナンルー,1/14
陕西南路,陝西南路,Shǎnxī Nán Lù,シャンシー・ナンルー,1/10/12
常熟路,常熟路,Chángshú Lù,チャンシュー・ルー,1/7
衡山路,衡山路,Héngshān Lù,ホンシャン・ルー,1
徐家汇,徐家匯,Xújiāhuì,シュージャーフイ,1/9/11
交通大学,交通大学,Jiāotōng Dàxué,ジャオトン・ダーシュエ,10/11
上海图书馆,上海図書館,Shànghǎi Túshūguǎn,シャンハイ・トゥーシューグアン,10
一大会址·新天地,一大会址・新天地,Yīdà Huìzhǐ · Xīntiāndì,イーダー・フイジー／シンティエンディー,10/13
老西门,老西門,Lǎoxīmén,ラオシーメン,8/10
豫园,豫園,Yùyuán,ユーユエン,10/14
天潼路,天潼路,Tiāntóng Lù,ティエントン・ルー,10/12
四川北路,四川北路,Sìchuān Běi Lù,スーチュアン・ベイルー,10
海伦路,海倫路,Hǎilún Lù,ハイルン・ルー,4/10
武定路,武定路,Wǔdìng Lù,ウーディン・ルー,14
大世界,大世界,Dàshìjiè,ダーシージエ,8/14
浦东大道,浦東大道,Pǔdōng Dàdào,プードン・ダーダオ,4/14
自然博物馆,自然博物館,Zìrán Bówùguǎn,ズーラン・ボーウーグアン,13
淮海中路,淮海中路,Huáihǎi Zhōng Lù,ホアイハイ・ジョンルー,13
马当路,馬当路,Mǎdāng Lù,マーダン・ルー,9/13
世博会博物馆,世博会博物館,Shìbóhuì Bówùguǎn,シーボーフイ・ボーウーグアン,13
世博大道,世博大道,Shìbó Dàdào,シーボー・ダーダオ,13
龙华,龍華,Lónghuá,ロンホア,11/12
龙华中路,龍華中路,Lónghuá Zhōng Lù,ロンホア・ジョンルー,7/12
大木桥路,大木橋路,Dàmùqiáo Lù,ダームーチャオ・ルー,4/12
嘉善路,嘉善路,Jiāshàn Lù,ジャーシャン・ルー,9/12
曲阜路,曲阜路,Qūfù Lù,チューフー・ルー,8/12
国际客运中心,国際客運中心,Guójì Kèyùn Zhōngxīn,グオジー・コーユン・ジョンシン,12
提篮桥,提籃橋,Tílánqiáo,ティーランチャオ,12
陆家浜路,陸家浜路,Lùjiābāng Lù,ルージャーバン・ルー,8/9
西藏南路,西蔵南路,Xīzàng Nán Lù,シーザン・ナンルー,4/8
中华艺术宫,中華芸術宮,Zhōnghuá Yìshùgōng,ジョンホア・イーシューゴン,8
肇嘉浜路,肇嘉浜路,Zhàojiābāng Lù,ジャオジャーバン・ルー,7/9
打浦桥,打浦橋,Dǎpǔqiáo,ダープーチャオ,9
小南门,小南門,Xiǎonánmén,シャオナンメン,9
商城路,商城路,Shāngchéng Lù,シャンチョン・ルー,9
昌平路,昌平路,Chāngpíng Lù,チャンピン・ルー,7
江苏路,江蘇路,Jiāngsū Lù,ジアンスー・ルー,2/11
上海游泳馆,上海游泳館,Shànghǎi Yóuyǒngguǎn,シャンハイ・ヨウヨングアン,11
云锦路,雲錦路,Yúnjǐn Lù,ユンジン・ルー,11
龙耀路,龍耀路,Lóngyào Lù,ロンヤオ・ルー,11
