line,seq,name,operating
1,1,罗湖,1
1,2,国贸,1
1,3,老街,1
1,4,大剧院,1
1,5,科学馆,1
1,6,华强路,1
1,7,岗厦,1
1,8,会展中心,1
1,9,购物公园,1
1,10,香蜜湖,1
1,11,车公庙,1
1,12,竹子林,1
1,13,侨城东,1
1,14,华侨城,1
1,15,世界之窗,1
1,16,白石洲,1
1,17,高新园,1
1,18,深大,1
1,19,桃园,1
1,20,大新,1
1,21,鲤鱼门,1
1,22,前海湾,1
1,23,新安,1
1,24,宝安中心,1
1,25,宝体,1
1,26,坪洲,1
1,27,西乡,1
1,28,固戍,1
1,29,后瑞,1
1,30,机场东,1
2,1,赤湾,1
2,2,蛇口港,1
2,3,海上世界,1
2,4,水湾,1
2,5,东角头,1
2,6,湾厦,1
2,7,海月,1
2,8,登良,1
2,9,后海,1
2,10,科苑,1
2,11,红树湾,1
2,12,世界之窗,1
2,13,侨城北,1
2,14,深康,1
2,15,安托山,1
2,16,侨香,1
2,17,香蜜,1
2,18,香梅北,1
2,19,景田,1
2,20,莲花西,1
2,21,福田,1
2,22,市民中心,1
2,23,岗厦北,1
2,24,华强北,1
2,25,燕南,1
2,26,大剧院,1
2,27,湖贝,1
2,28,黄贝岭,1
2,29,新秀,1
2,30,莲塘口岸,1
2,31,仙湖路,1
2,32,莲塘,1
3,1,福保,1
3,2,益田,1
3,3,石厦,1
3,4,购物公园,1
3,5,福田,1
3,6,少年宫,1
3,7,莲花村,1
3,8,华新,1
3,9,通新岭,1
3,10,红岭,1
3,11,老街,1
3,12,晒布,1
3,13,翠竹,1
3,14,田贝,1
3,15,水贝,1
3,16,草埔,1
3,17,布吉,1
3,18,木棉湾,1
3,19,大芬,1
3,20,丹竹头,1
3,21,六约,1
3,22,塘坑,1
3,23,横岗,1
3,24,永湖,1
3,25,荷坳,1
3,26,大运,1
3,27,爱联,1
3,28,吉祥,1
3,29,龙城广场,1
3,30,南联,1
3,31,双龙,1
3,32,梨园,1
3,33,新生,1
3,34,坪西,1
3,35,低碳城,1
3,36,白石塘,1
3,37,富坪,1
3,38,坪地六联,1
4,1,福田口岸,1
4,2,福民,1
4,3,会展中心,1
4,4,市民中心,1
4,5,少年宫,1
4,6,莲花北,1
4,7,上梅林,1
4,8,民乐,1
4,9,白石龙,1
4,10,深圳北站,1
4,11,红山,1
4,12,上塘,1
4,13,龙胜,1
4,14,龙华,1
4,15,清湖,1
4,16,清湖北,1
4,17,竹村,1
4,18,茜坑,1
4,19,长湖,1
4,20,观澜,1
4,21,松元厦,1
4,22,观澜湖,1
4,23,牛湖,1
5,1,赤湾,1
5,2,荔湾,1
5,3,铁路公园,1
5,4,妈湾,1
5,5,前灣公园,1
5,6,前湾,1
5,7,桂湾,1
5,8,前海湾,1
5,9,临海,1
5,10,宝华,1
5,11,宝安中心,1
5,12,翻身,1
5,13,灵芝,1
5,14,洪浪北,1
5,15,兴东,1
5,16,留仙洞,1
5,17,西丽,1
5,18,大学城,1
5,19,塘朗,1
5,20,长岭陂,1
5,21,深圳北站,1
5,22,民治,1
5,23,五和,1
5,24,坂田,1
5,25,杨美,1
5,26,上水径,1
5,27,下水径,1
5,28,长龙,1
5,29,布吉,1
5,30,百鸽笼,1
5,31,布心,1
5,32,太安,1
5,33,怡景,1
5,34,黄贝岭,1
5,35,湖贝,1
5,36,东门,1
5,37,大剧院,1
6,1,科学馆,1
6,2,通新岭,1
6,3,体育中心,1
6,4,八卦岭,1
6,5,银湖,1
6,6,翰岭,1
6,7,梅林关,1
6,8,深圳北站,1
6,9,红山,1
6,10,上芬,1
6,11,元芬,1
6,12,阳台山東,1
6,13,官田,1
6,14,上屋,1
6,15,长圳,1
6,16,凤凰城,1
6,17,光明大街,1
6,18,光明,1
6,19,科学公园,1
6,20,楼村,1
6,21,红花山,1
6,22,公明广场,1
6,23,合水口,1
6,24,薯田埔,1
6,25,松岗公园,1
6,26,溪头,1
6,27,松岗,1
6B,1,光明城,1
6B,2,虹桥公园,1
6B,3,碧眼,1
6B,4,光明,1
6B,5,圳美,1
6B,6,中大,1
6B,7,深理工,1
6B,8,黄江南,0
7,1,深大丽湖,1
7,2,北大,1
7,3,西丽湖,1
7,4,西丽,1
7,5,茶光,1
7,6,珠光,1
7,7,龙井,1
7,8,桃源村,1
7,9,深云,1
7,10,文体公园,0
7,11,安托山,1
7,12,农林,1
7,13,车公庙,1
7,14,上沙,1
7,15,沙尾,1
7,16,石厦,1
7,17,皇岗村,1
7,18,福民,1
7,19,皇岗口岸,1
7,20,福邻,0
7,21,赤尾,1
7,22,华强南,1
7,23,华强北,1
7,24,华新,1
7,25,黄木岗,1
7,26,八卦岭,1
7,27,红岭北,1
7,28,笋岗,1
7,29,洪湖,1
7,30,田贝,1
7,31,太安,1
8,1,梧桐山南,1
8,2,沙头角,1
8,3,海山,1
8,4,盐田港西,1
8,5,深外高中,1
8,6,盐田路,1
8,7,鸿安围,1
8,8,盐田墟,1
8,9,大梅沙,1
8,10,小梅沙,1
8,11,溪涌,1
9,1,前湾,1
9,2,梦海,1
9,3,怡海,1
9,4,荔林,1
9,5,南油西,1
9,6,南油,1
9,7,南山书城,1
9,8,深大南,1
9,9,粤海门,1
9,10,高新南,1
9,11,红树湾南,1
9,12,深湾,1
9,13,深圳湾公园,1
9,14,下沙,1
9,15,车公庙,1
9,16,香梅,1
9,17,景田,1
9,18,梅景,1
9,19,下梅林,1
9,20,梅村,1
9,21,上梅林,1
9,22,孖岭,1
9,23,银湖,1
9,24,泥岗,1
9,25,红岭北,1
9,26,园岭,1
9,27,红岭,1
9,28,红岭南,1
9,29,鹿丹村,1
9,30,人民南,1
9,31,向西村,1
9,32,文锦,1
9,33,宝安公园,0
9,34,上川,0
9,35,上川一路,0
9,36,宝安东,0
9,37,宝安,0
9,38,海韵,0
9,39,铲湾,0
9,40,铲湾南,0
9,41,前海石,0
10,1,双拥街,1
10,2,平湖,1
10,3,禾花,1
10,4,华南城,1
10,5,木古,1
10,6,上李朗,1
10,7,凉帽山,1
10,8,甘坑,1
10,9,雪象,1
10,10,岗头,1
10,11,华为,1
10,12,贝尔路,1
10,13,坂田北,1
10,14,五和,1
10,15,光雅园,1
10,16,南坑,1
10,17,雅宝,1
10,18,孖岭,1
10,19,冬瓜岭,1
10,20,莲花村,1
10,21,岗厦北,1
10,22,岗厦,1
10,23,福民,1
10,24,福田口岸,1
10,25,黄阁坑,0
10,26,大运城邦,0
10,27,官井头,0
10,28,油甘埔,0
10,29,龙平路,0
11,1,碧头,1
11,2,松岗,1
11,3,后亭,1
11,4,沙井,1
11,5,马安山,1
11,6,塘尾,1
11,7,桥头,1
11,8,福永,1
11,9,机场北,1
11,10,机场,1
11,11,碧海灣,1
11,12,宝安,1
11,13,前海灣,1
11,14,南山,1
11,15,后海,1
11,16,红树湾南,1
11,17,车公庙,1
11,18,福田,1
11,19,岗厦北,1
11,20,福星,1
11,21,华强南,1
11,22,红岭南,1
12,1,左炮台东,1
12,2,太子湾,1
12,3,海上世界,1
12,4,花果山,1
12,5,四海,1
12,6,南油,1
12,7,南光,1
12,8,南山,1
12,9,桃园,1
12,10,南头古城,1
12,11,中山公园,1
12,12,同乐南,1
12,13,新安公园,1
12,14,灵芝,1
12,15,上川,1
12,16,流塘,1
12,17,宝安客运站,1
12,18,宝田一路,1
12,19,平峦山,1
12,20,西乡桃源,1
12,21,钟屋南,1
12,22,黄田,1
12,23,兴围,1
12,24,机场东,1
12,25,福围,1
12,26,怀德,1
12,27,福永,1
12,28,桥头西,1
12,29,福海西,1
12,30,国展,1
12,31,国展北,1
12,32,海上田园南,1
12,33,海上田园东,1
12,34,蚝乡,1
12,35,沙蚝,1
12,36,沙井古墟,1
12,37,步涌,1
12,38,朗下,1
12,39,松岗,1
13,1,东角头,0
13,2,歌剧院,0
13,3,潮汐公园,0
13,4,深圳湾口岸,1
13,5,人才公园,1
13,6,后海,1
13,7,科苑,1
13,8,粤海门,1
13,9,深大,1
13,10,高新中,1
13,11,高新北,1
13,12,西丽高铁站,0
13,13,石鼓,1
13,14,留仙洞,1
13,15,百旺,1
13,16,应人石,1
13,17,罗租,1
13,18,石岩,1
13,19,上屋,1
13,20,红坳公园,1
13,21,光明城,1
13,22,德雅路,1
13,23,凤凰城,1
13,24,月亮路,1
13,25,将围,1
13,26,新庄,1
13,27,公明广场,1
13,28,上村,1
13,29,下村,1
13,30,李松蓢,1
14,1,岗厦北,1
14,2,黄木岗,1
14,3,罗湖北,1
14,4,布吉,1
14,5,石芽岭,1
14,6,六约北,1
14,7,四联,1
14,8,坳背,1
14,9,大运,1
14,10,嶂背,1
14,11,南约,1
14,12,宝龙,1
14,13,锦龙,1
14,14,坪山围,1
14,15,坪山广场,1
14,16,坪山中心,1
14,17,坑梓,1
14,18,沙田,1
16,1,园山西坑,1
16,2,安良,1
16,3,福坑,1
16,4,大康,1
16,5,园山,1
16,6,大安,1
16,7,吉溪,1
16,8,金源,1
16,9,大运,1
16,10,大运中心,1
16,11,龙城公园,1
16,12,黄阁坑,1
16,13,愉园,1
16,14,回龙埔,1
16,15,尚景,1
16,16,盛平,1
16,17,龙园,1
16,18,双龙,1
16,19,新塘围,1
16,20,龙东,1
16,21,宝龙同乐,1
16,22,坪山,1
16,23,新和,1
16,24,六和,1
16,25,坪山围,1
16,26,坪环,1
16,27,东纵纪念馆,1
16,28,沙壆,1
16,29,燕子湖,1
16,30,石井,1
16,31,技术大学,1
16,32,田心,1
20,1,会展城,1
20,2,国展北,1
20,3,国展,1
20,4,国展南,1
20,5,机场北,1
20,6,交椅湾,0
20,7,半岛北,0
20,8,海洋新城,0
20,9,机场东,0
20,10,狮子山公园,0
20,11,航城大道东,0
20,12,西乡公园,0
20,13,文汇,0
20,14,新安老城,0
20,15,中山公园西,0
20,16,南头古城,0
20,17,深大,0
20,18,高新园,0
20,19,白石洲,0
