line,ref,mode,from,to,from_name,to_name,dist_m,straight_m,method,vmax_kmh,run_s,dwell_s,time_s,model_min,scale,measured_min,measured_n,final_min,source
gz_1,1,subway,gz_xilang,gz_kengkou,西塱,坑口,1557,1489,線路沿い,80.0,95,60,155,1.95,1.232,,0,2.4,推定（同じ路線網・種別の係数の中央値）
gz_1,1,subway,gz_kengkou,gz_huadiwan,坑口,花地湾,990,914,線路沿い,80.0,69,60,129,1.53,1.232,,0,1.88,推定（同じ路線網・種別の係数の中央値）
gz_1,1,subway,gz_huadiwan,gz_fangcun,花地湾,芳村,1315,1272,線路沿い,80.0,84,60,144,1.77,1.232,,0,2.18,推定（同じ路線網・種別の係数の中央値）
gz_1,1,subway,gz_fangcun,gz_huangsha,芳村,黄沙,1386,1290,線路沿い,80.0,87,60,147,1.82,1.232,,0,2.25,推定（同じ路線網・種別の係数の中央値）
gz_1,1,subway,gz_huangsha,gz_changshoulu,黄沙,长寿路,1061,1033,線路沿い,80.0,72,60,132,1.58,1.232,,0,1.95,推定（同じ路線網・種別の係数の中央値）
gz_1,1,subway,gz_changshoulu,gz_chenjiaci,长寿路,陈家祠,1282,972,線路沿い,80.0,82,60,142,1.75,1.232,,0,2.15,推定（同じ路線網・種別の係数の中央値）
gz_1,1,subway,gz_chenjiaci,gz_ximenkou,陈家祠,西门口,923,917,線路沿い,80.0,66,60,126,1.48,1.232,,0,1.82,推定（同じ路線網・種別の係数の中央値）
gz_1,1,subway,gz_ximenkou,gz_gongyuanqian,西门口,公园前,913,872,線路沿い,80.0,66,60,126,1.47,1.232,,0,1.81,推定（同じ路線網・種別の係数の中央値）
gz_1,1,subway,gz_gongyuanqian,gz_nongjiangsuo,公园前,农讲所,1221,1163,線路沿い,80.0,80,60,140,1.7,1.232,,0,2.09,推定（同じ路線網・種別の係数の中央値）
gz_1,1,subway,gz_nongjiangsuo,gz_lieshilingyuan,农讲所,烈士陵园,1021,1011,線路沿い,80.0,71,60,131,1.55,1.232,,0,1.91,推定（同じ路線網・種別の係数の中央値）
gz_1,1,subway,gz_lieshilingyuan,gz_dongshankou,烈士陵园,东山口,1105,1058,線路沿い,80.0,74,60,134,1.61,1.232,,0,1.99,推定（同じ路線網・種別の係数の中央値）
gz_1,1,subway,gz_dongshankou,gz_yangji,东山口,杨箕,1345,1311,線路沿い,80.0,85,60,145,1.79,1.232,,0,2.21,推定（同じ路線網・種別の係数の中央値）
gz_1,1,subway,gz_yangji,gz_tiyuxilu,杨箕,体育西路,1544,1474,線路沿い,80.0,94,60,154,1.94,1.232,,0,2.39,推定（同じ路線網・種別の係数の中央値）
gz_1,1,subway,gz_tiyuxilu,gz_tiyuzhongxin,体育西路,体育中心,988,799,線路沿い,80.0,69,60,129,1.52,1.232,,0,1.88,推定（同じ路線網・種別の係数の中央値）
gz_1,1,subway,gz_tiyuzhongxin,gz_guangzhoudongzhan,体育中心,广州东站,2056,1848,線路沿い,80.0,117,60,177,2.33,1.232,,0,2.87,推定（同じ路線網・種別の係数の中央値）
gz_2,2,subway,gz_guangzhounanzhan,gz_shibi,广州南站,石壁,1052,1038,線路沿い,80.0,72,60,132,1.57,1.232,2.33,3,2.33,本地宝（公式時刻の転載）
gz_2,2,subway,gz_shibi,gz_huijiang,石壁,会江,2427,2248,線路沿い,80.0,134,60,194,2.6,1.232,,0,3.21,推定（同じ路線網・種別の係数の中央値）
gz_2,2,subway,gz_huijiang,gz_nanpu,会江,南浦,2434,2368,線路沿い,80.0,134,60,194,2.61,1.232,,0,3.21,推定（同じ路線網・種別の係数の中央値）
gz_2,2,subway,gz_nanpu,gz_luoxi,南浦,洛溪,1199,1192,線路沿い,80.0,79,60,139,1.68,1.232,,0,2.07,推定（同じ路線網・種別の係数の中央値）
gz_2,2,subway,gz_luoxi,gz_nanzhou,洛溪,南洲,2497,2389,線路沿い,80.0,137,60,197,2.66,1.232,,0,3.27,推定（同じ路線網・種別の係数の中央値）
gz_2,2,subway,gz_nanzhou,gz_dongxiaonan,南洲,东晓南,941,854,線路沿い,80.0,67,60,127,1.49,1.232,,0,1.84,推定（同じ路線網・種別の係数の中央値）
gz_2,2,subway,gz_dongxiaonan,gz_jiangtailu,东晓南,江泰路,1969,1831,線路沿い,80.0,113,60,173,2.26,1.232,,0,2.79,推定（同じ路線網・種別の係数の中央値）
gz_2,2,subway,gz_jiangtailu,gz_changgang,江泰路,昌岗,1054,1015,線路沿い,80.0,72,60,132,1.57,1.232,,0,1.94,推定（同じ路線網・種別の係数の中央値）
gz_2,2,subway,gz_changgang,gz_jiangnanxi,昌岗,江南西,840,809,線路沿い,80.0,62,60,122,1.41,1.232,,0,1.74,推定（同じ路線網・種別の係数の中央値）
gz_2,2,subway,gz_jiangnanxi,gz_shiergong,江南西,市二宫,1085,1058,線路沿い,80.0,74,60,134,1.6,1.232,,0,1.97,推定（同じ路線網・種別の係数の中央値）
gz_2,2,subway,gz_shiergong,gz_haizhuguangchang,市二宫,海珠广场,1115,1062,線路沿い,80.0,75,60,135,1.62,1.232,,0,2.0,推定（同じ路線網・種別の係数の中央値）
gz_2,2,subway,gz_haizhuguangchang,gz_gongyuanqian,海珠广场,公园前,1237,1196,線路沿い,80.0,80,60,140,1.71,1.232,,0,2.11,推定（同じ路線網・種別の係数の中央値）
gz_2,2,subway,gz_gongyuanqian,gz_jiniantang,公园前,纪念堂,786,781,線路沿い,80.0,60,60,120,1.37,1.232,,0,1.69,推定（同じ路線網・種別の係数の中央値）
gz_2,2,subway,gz_jiniantang,gz_yuexiugongyuan,纪念堂,越秀公园,890,837,線路沿い,80.0,65,60,125,1.45,1.232,,0,1.79,推定（同じ路線網・種別の係数の中央値）
gz_2,2,subway,gz_yuexiugongyuan,gz_guangzhouhuochezhan,越秀公园,广州火车站,1112,1003,線路沿い,80.0,75,60,135,1.62,1.232,,0,1.99,推定（同じ路線網・種別の係数の中央値）
gz_2,2,subway,gz_guangzhouhuochezhan,gz_sanyuanli,广州火车站,三元里,1289,1215,線路沿い,80.0,83,60,143,1.75,1.232,,0,2.16,推定（同じ路線網・種別の係数の中央値）
gz_2,2,subway,gz_sanyuanli,gz_feixianggongyuan,三元里,飞翔公园,1329,1294,線路沿い,80.0,84,60,144,1.78,1.232,,0,2.19,推定（同じ路線網・種別の係数の中央値）
gz_2,2,subway,gz_feixianggongyuan,gz_baiyungongyuan,飞翔公园,白云公园,1640,1618,線路沿い,80.0,98,60,158,2.01,1.232,,0,2.48,推定（同じ路線網・種別の係数の中央値）
gz_2,2,subway,gz_baiyungongyuan,gz_baiyunwenhuaguangchang,白云公园,白云文化广场,1321,1296,線路沿い,80.0,84,60,144,1.77,1.232,,0,2.19,推定（同じ路線網・種別の係数の中央値）
gz_2,2,subway,gz_baiyunwenhuaguangchang,gz_xiaogang,白云文化广场,萧岗,885,856,線路沿い,80.0,65,60,125,1.45,1.232,,0,1.78,推定（同じ路線網・種別の係数の中央値）
gz_2,2,subway,gz_xiaogang,gz_jiangxia,萧岗,江夏,1431,1412,線路沿い,80.0,89,60,149,1.86,1.232,,0,2.29,推定（同じ路線網・種別の係数の中央値）
gz_2,2,subway,gz_jiangxia,gz_huangbian,江夏,黄边,1282,1230,線路沿い,80.0,82,60,142,1.75,1.232,,0,2.15,推定（同じ路線網・種別の係数の中央値）
gz_2,2,subway,gz_huangbian,gz_jiahewanggang,黄边,嘉禾望岗,1788,1746,線路沿い,80.0,105,60,165,2.12,1.232,,0,2.62,推定（同じ路線網・種別の係数の中央値）
gz_3,3,subway,gz_jichangbei,gz_gaozeng,机场北,高增,4598,4572,線路沿い,120.0,175,60,235,3.39,1.282,,0,4.35,実測（本地宝（公式時刻の転載）、19/32 区間）
gz_3,3,subway,gz_gaozeng,gz_renhe,高增,人和,2298,2182,線路沿い,120.0,106,60,166,2.24,1.282,,0,2.87,実測（本地宝（公式時刻の転載）、19/32 区間）
gz_3,3,subway,gz_renhe,gz_longgui,人和,龙归,5500,5189,線路沿い,120.0,202,60,262,3.84,1.282,,0,4.93,実測（本地宝（公式時刻の転載）、19/32 区間）
gz_3,3,subway,gz_longgui,gz_jiahewanggang,龙归,嘉禾望岗,6302,5871,線路沿い,120.0,226,60,286,4.24,1.282,,0,5.44,実測（本地宝（公式時刻の転載）、19/32 区間）
gz_3,3,subway,gz_jiahewanggang,gz_baiyundadaobei,嘉禾望岗,白云大道北,2159,1895,線路沿い,120.0,102,60,162,2.17,1.282,,0,2.78,実測（本地宝（公式時刻の転載）、19/32 区間）
gz_3,3,subway,gz_baiyundadaobei,gz_yongtai,白云大道北,永泰,958,931,線路沿い,120.0,65,60,125,1.5,1.282,,0,1.92,実測（本地宝（公式時刻の転載）、19/32 区間）
gz_3,3,subway,gz_yongtai,gz_tonghe,永泰,同和,3378,3262,線路沿い,120.0,138,60,198,2.78,1.282,,0,3.57,実測（本地宝（公式時刻の転載）、19/32 区間）
gz_3,3,subway,gz_tonghe,gz_jingxinanfangyiyuan,同和,京溪南方医院,1434,1318,線路沿い,120.0,80,60,140,1.8,1.282,,0,2.3,実測（本地宝（公式時刻の転載）、19/32 区間）
gz_3,3,subway,gz_jingxinanfangyiyuan,gz_meihuayuan,京溪南方医院,梅花园,1351,1248,線路沿い,120.0,78,60,138,1.75,1.282,,0,2.24,実測（本地宝（公式時刻の転載）、19/32 区間）
gz_3,3,subway,gz_meihuayuan,gz_yantang,梅花园,燕塘,1937,1792,線路沿い,120.0,95,60,155,2.06,1.282,,0,2.64,実測（本地宝（公式時刻の転載）、19/32 区間）
gz_3,3,subway,gz_yantang,gz_guangzhoudongzhan,燕塘,广州东站,1083,1031,線路沿い,120.0,69,60,129,1.58,1.282,,0,2.03,実測（本地宝（公式時刻の転載）、19/32 区間）
gz_3,3,subway,gz_guangzhoudongzhan,gz_linhexi,广州东站,林和西,1336,1179,線路沿い,120.0,77,60,137,1.74,1.282,,0,2.23,実測（本地宝（公式時刻の転載）、19/32 区間）
gz_3,3,subway,gz_linhexi,gz_tiyuxilu,林和西,体育西路,1142,1069,線路沿い,120.0,71,60,131,1.62,1.282,,0,2.08,実測（本地宝（公式時刻の転載）、19/32 区間）
gz_3,3,subway,gz_tiyuxilu,gz_zhujiangxincheng,体育西路,珠江新城,1319,1314,線路沿い,120.0,77,60,137,1.73,1.282,2.25,4,2.25,本地宝（公式時刻の転載）
gz_3,3,subway,gz_zhujiangxincheng,gz_guangzhouta,珠江新城,广州塔,1525,1406,線路沿い,120.0,83,60,143,1.85,1.282,2.75,4,2.75,本地宝（公式時刻の転載）
gz_3,3,subway,gz_guangzhouta,gz_kecun,广州塔,客村,1244,1212,線路沿い,120.0,74,60,134,1.68,1.282,2.25,4,2.25,本地宝（公式時刻の転載）
gz_3,3,subway,gz_kecun,gz_datang,客村,大塘,2114,2062,線路沿い,120.0,100,60,160,2.15,1.282,2.75,4,2.75,本地宝（公式時刻の転載）
gz_3,3,subway,gz_datang,gz_lijiao,大塘,沥滘,2639,2587,線路沿い,120.0,116,60,176,2.41,1.282,3.5,4,3.5,本地宝（公式時刻の転載）
gz_3,3,subway,gz_lijiao,gz_xiajiao,沥滘,厦滘,1872,1870,線路沿い,120.0,93,60,153,2.03,1.282,2.25,4,2.25,本地宝（公式時刻の転載）
gz_3,3,subway,gz_xiajiao,gz_dashi,厦滘,大石,2284,2243,線路沿い,120.0,106,60,166,2.23,1.282,2.5,2,2.5,本地宝（公式時刻の転載）
gz_3,3,subway,gz_dashi,gz_hanxichanglong,大石,汉溪长隆,3060,2822,線路沿い,120.0,129,60,189,2.62,1.282,3.5,4,3.5,本地宝（公式時刻の転載）
gz_3,3,subway,gz_hanxichanglong,gz_shiqiao,汉溪长隆,市桥,6321,5909,線路沿い,120.0,227,60,287,4.25,1.282,5.25,4,5.25,本地宝（公式時刻の転載）
gz_3,3,subway,gz_shiqiao,gz_panyuguangchang,市桥,番禺广场,3728,2830,線路沿い,120.0,149,60,209,2.96,1.282,3.75,4,3.75,本地宝（公式時刻の転載）
gz_3,3,subway,gz_panyuguangchang,gz_bangjiang,番禺广场,傍江,2686,2580,線路沿い,120.0,118,60,178,2.44,1.282,3,3,3,本地宝（公式時刻の転載）
gz_3,3,subway,gz_bangjiang,gz_shiqinan,傍江,石碁南,3156,3124,線路沿い,120.0,132,60,192,2.67,1.282,3.25,4,3.25,本地宝（公式時刻の転載）
gz_3,3,subway,gz_shiqinan,gz_haichonglu,石碁南,海涌路,1875,1847,線路沿い,120.0,93,60,153,2.03,1.282,2.5,4,2.5,本地宝（公式時刻の転載）
gz_3,3,subway,gz_haichonglu,gz_haibang,海涌路,海傍,1964,1875,線路沿い,120.0,96,60,156,2.07,1.282,2,1,2,本地宝（公式時刻の転載）
gz_3,3,subway,gz_tiyuxilu,gz_shipaiqiao,体育西路,石牌桥,1462,1078,線路沿い,120.0,81,60,141,1.81,1.282,3.33,3,3.33,本地宝（公式時刻の転載）
gz_3,3,subway,gz_shipaiqiao,gz_gangding,石牌桥,岗顶,851,806,線路沿い,120.0,61,60,121,1.42,1.282,2,4,2,本地宝（公式時刻の転載）
gz_3,3,subway,gz_gangding,gz_huashi,岗顶,华师,814,791,線路沿い,120.0,60,60,120,1.39,1.282,2,4,2,本地宝（公式時刻の転載）
gz_3,3,subway,gz_huashi,gz_wushan,华师,五山,1740,1606,線路沿い,120.0,89,60,149,1.96,1.282,2.5,4,2.5,本地宝（公式時刻の転載）
gz_3,3,subway,gz_wushan,gz_tianhekeyunzhan,五山,天河客运站,2378,2147,線路沿い,120.0,108,60,168,2.28,1.282,2.5,2,2.5,本地宝（公式時刻の転載）
gz_4,4,subway,gz_nanshakeyungang,gz_nanheng,南沙客运港,南横,2945,2562,線路沿い,90.0,146,60,206,2.82,1.18,2,2,2,本地宝（公式時刻の転載）
gz_4,4,subway,gz_nanheng,gz_tangkeng,南横,塘坑,2366,2311,線路沿い,90.0,122,60,182,2.44,1.18,3.25,4,3.25,本地宝（公式時刻の転載）
gz_4,4,subway,gz_tangkeng,gz_dachong,塘坑,大涌,1935,1815,線路沿い,90.0,105,60,165,2.15,1.18,2.5,4,2.5,本地宝（公式時刻の転載）
gz_4,4,subway,gz_dachong,gz_guanglong,大涌,广隆,2106,2104,線路沿い,90.0,112,60,172,2.27,1.18,2.5,4,2.5,本地宝（公式時刻の転載）
gz_4,4,subway,gz_guanglong,gz_feishajiao,广隆,飞沙角,1445,1093,線路沿い,90.0,86,60,146,1.82,1.18,2,3,2,本地宝（公式時刻の転載）
gz_4,4,subway,gz_feishajiao,gz_jinzhou,飞沙角,金洲,1693,1195,線路沿い,90.0,95,60,155,1.99,1.18,2.67,3,2.67,本地宝（公式時刻の転載）
gz_4,4,subway,gz_jinzhou,gz_jiaomen,金洲,蕉门,1960,1485,線路沿い,90.0,106,60,166,2.17,1.18,2.75,4,2.75,本地宝（公式時刻の転載）
gz_4,4,subway,gz_jiaomen,gz_huangge,蕉门,黄阁,3103,2825,線路沿い,90.0,152,60,212,2.93,1.18,3.5,4,3.5,本地宝（公式時刻の転載）
gz_4,4,subway,gz_huangge,gz_huanggeqichecheng,黄阁,黄阁汽车城,1543,1537,線路沿い,90.0,89,60,149,1.89,1.18,2.5,4,2.5,本地宝（公式時刻の転載）
gz_4,4,subway,gz_huanggeqichecheng,gz_qingsheng,黄阁汽车城,庆盛,4093,3994,線路沿い,90.0,191,60,251,3.59,1.18,3.67,3,3.67,本地宝（公式時刻の転載）
gz_4,4,subway,gz_qingsheng,gz_dongchong,庆盛,东涌,2474,2378,線路沿い,90.0,127,60,187,2.51,1.18,2.67,3,2.67,本地宝（公式時刻の転載）
gz_4,4,subway,gz_dongchong,gz_dichong,东涌,低涌,3967,3819,線路沿い,90.0,186,60,246,3.51,1.18,4,3,4,本地宝（公式時刻の転載）
gz_4,4,subway,gz_dichong,gz_haibang,低涌,海傍,2531,2472,線路沿い,90.0,129,60,189,2.55,1.18,3,4,3,本地宝（公式時刻の転載）
gz_4,4,subway,gz_haibang,gz_shiqi,海傍,石碁,2302,2179,線路沿い,90.0,120,60,180,2.4,1.18,2.75,4,2.75,本地宝（公式時刻の転載）
gz_4,4,subway,gz_shiqi,gz_xinzao,石碁,新造,9796,9403,線路沿い,90.0,420,60,480,7.39,1.18,9,2,9,本地宝（公式時刻の転載）
gz_4,4,subway,gz_xinzao,gz_daxuechengnan,新造,大学城南,2344,2330,線路沿い,90.0,122,60,182,2.42,1.18,3.33,3,3.33,本地宝（公式時刻の転載）
gz_4,4,subway,gz_daxuechengnan,gz_daxuechengbei,大学城南,大学城北,2144,2123,線路沿い,90.0,114,60,174,2.29,1.18,3,6,3,本地宝（公式時刻の転載）
gz_4,4,subway,gz_daxuechengbei,gz_guanzhou,大学城北,官洲,1432,1402,線路沿い,90.0,85,60,145,1.82,1.18,2.38,8,2.38,本地宝（公式時刻の転載）
gz_4,4,subway,gz_guanzhou,gz_wanshengwei,官洲,万胜围,3727,3504,線路沿い,90.0,177,60,237,3.35,1.18,4.25,4,4.25,本地宝（公式時刻の転載）
gz_4,4,subway,gz_wanshengwei,gz_chebeinan,万胜围,车陂南,2135,2077,線路沿い,90.0,113,60,173,2.28,1.18,3,4,3,本地宝（公式時刻の転載）
gz_4,4,subway,gz_chebeinan,gz_chebei,车陂南,车陂,1275,1114,線路沿い,90.0,79,60,139,1.71,1.18,2.25,4,2.25,本地宝（公式時刻の転載）
gz_4,4,subway,gz_chebei,gz_huangcun,车陂,黄村,1950,1458,線路沿い,90.0,106,60,166,2.16,1.18,2,2,2,本地宝（公式時刻の転載）
gz_5,5,subway,gz_jiaokou,gz_tanwei,滘口,坦尾,1645,1615,線路沿い,90.0,94,60,154,1.96,1.224,2,2,2,本地宝（公式時刻の転載）
gz_5,5,subway,gz_tanwei,gz_zhongshanba,坦尾,中山八,1714,1529,線路沿い,90.0,96,60,156,2.0,1.224,2.25,4,2.25,本地宝（公式時刻の転載）
gz_5,5,subway,gz_zhongshanba,gz_xichang,中山八,西场,1408,1331,線路沿い,90.0,84,60,144,1.8,1.224,2,3,2,本地宝（公式時刻の転載）
gz_5,5,subway,gz_xichang,gz_xicun,西场,西村,667,611,線路沿い,90.0,54,60,114,1.28,1.224,1.67,3,1.67,本地宝（公式時刻の転載）
gz_5,5,subway,gz_xicun,gz_guangzhouhuochezhan,西村,广州火车站,1765,1712,線路沿い,90.0,98,60,158,2.04,1.224,2.25,4,2.25,本地宝（公式時刻の転載）
gz_5,5,subway,gz_guangzhouhuochezhan,gz_xiaobei,广州火车站,小北,2319,2218,線路沿い,90.0,121,60,181,2.41,1.224,3,4,3,本地宝（公式時刻の転載）
gz_5,5,subway,gz_xiaobei,gz_taojin,小北,淘金,1070,1054,線路沿い,90.0,71,60,131,1.57,1.224,2,3,2,本地宝（公式時刻の転載）
gz_5,5,subway,gz_taojin,gz_ouzhuang,淘金,区庄,1124,1096,線路沿い,90.0,73,60,133,1.61,1.224,2,4,2,本地宝（公式時刻の転載）
gz_5,5,subway,gz_ouzhuang,gz_dongwuyuan,区庄,动物园,1057,1037,線路沿い,90.0,70,60,130,1.57,1.224,2,3,2,本地宝（公式時刻の転載）
gz_5,5,subway,gz_dongwuyuan,gz_yangji,动物园,杨箕,1112,806,線路沿い,90.0,72,60,132,1.6,1.224,2.25,4,2.25,本地宝（公式時刻の転載）
gz_5,5,subway,gz_yangji,gz_wuyangcun,杨箕,五羊邨,1033,980,線路沿い,90.0,69,60,129,1.55,1.224,2,4,2,本地宝（公式時刻の転載）
gz_5,5,subway,gz_wuyangcun,gz_zhujiangxincheng,五羊邨,珠江新城,955,896,線路沿い,90.0,66,60,126,1.5,1.224,2,3,2,本地宝（公式時刻の転載）
gz_5,5,subway,gz_zhujiangxincheng,gz_liede,珠江新城,猎德,1167,1164,線路沿い,90.0,74,60,134,1.64,1.224,1.67,3,1.67,本地宝（公式時刻の転載）
gz_5,5,subway,gz_liede,gz_tancun,猎德,潭村,1411,1360,線路沿い,90.0,84,60,144,1.8,1.224,3,3,3,本地宝（公式時刻の転載）
gz_5,5,subway,gz_tancun,gz_yuancun,潭村,员村,1925,1834,線路沿い,90.0,105,60,165,2.14,1.224,2.5,4,2.5,本地宝（公式時刻の転載）
gz_5,5,subway,gz_yuancun,gz_keyunlu,员村,科韵路,1494,1452,線路沿い,90.0,88,60,148,1.86,1.224,2.5,4,2.5,本地宝（公式時刻の転載）
gz_5,5,subway,gz_keyunlu,gz_chebeinan,科韵路,车陂南,1423,1356,線路沿い,90.0,85,60,145,1.81,1.224,2,4,2,本地宝（公式時刻の転載）
gz_5,5,subway,gz_chebeinan,gz_dongpu,车陂南,东圃,1450,1390,線路沿い,90.0,86,60,146,1.83,1.224,2.75,4,2.75,本地宝（公式時刻の転載）
gz_5,5,subway,gz_dongpu,gz_sanxi,东圃,三溪,1554,1554,線路沿い,90.0,90,60,150,1.9,1.224,1.75,4,1.75,本地宝（公式時刻の転載）
gz_5,5,subway,gz_sanxi,gz_yuzhu,三溪,鱼珠,1771,1739,線路沿い,90.0,99,60,159,2.04,1.224,3.5,2,3.5,本地宝（公式時刻の転載）
gz_5,5,subway,gz_yuzhu,gz_dashadi,鱼珠,大沙地,1571,1462,線路沿い,90.0,91,60,151,1.91,1.224,1.75,4,1.75,本地宝（公式時刻の転載）
gz_5,5,subway,gz_dashadi,gz_dashadong,大沙地,大沙东,1229,1190,線路沿い,90.0,77,60,137,1.68,1.224,2,4,2,本地宝（公式時刻の転載）
gz_5,5,subway,gz_dashadong,gz_wenchong,大沙东,文冲,1234,1222,線路沿い,90.0,77,60,137,1.68,1.224,2,4,2,本地宝（公式時刻の転載）
gz_5,5,subway,gz_wenchong,gz_shuangsha,文冲,双沙,1726,1691,線路沿い,90.0,97,60,157,2.01,1.224,3,2,3,本地宝（公式時刻の転載）
gz_5,5,subway,gz_shuangsha,gz_miaotou,双沙,庙头,2522,2424,線路沿い,90.0,129,60,189,2.54,1.224,2.75,4,2.75,本地宝（公式時刻の転載）
gz_5,5,subway,gz_miaotou,gz_xiayuan,庙头,夏园,1746,1613,線路沿い,90.0,98,60,158,2.03,1.224,2.5,4,2.5,本地宝（公式時刻の転載）
gz_5,5,subway,gz_xiayuan,gz_baoyingdadao,夏园,保盈大道,1479,1219,線路沿い,90.0,87,60,147,1.85,1.224,2.5,4,2.5,本地宝（公式時刻の転載）
gz_5,5,subway,gz_baoyingdadao,gz_xiagang,保盈大道,夏港,1234,1217,線路沿い,90.0,77,60,137,1.68,1.224,2.25,4,2.25,本地宝（公式時刻の転載）
gz_5,5,subway,gz_xiagang,gz_huangpuxingang,夏港,黄埔新港,1252,1235,線路沿い,90.0,78,60,138,1.7,1.224,1,2,1,本地宝（公式時刻の転載）
gz_6,6,subway,gz_xiangxue,gz_luogang,香雪,萝岗,2023,2012,線路沿い,90.0,109,60,169,2.21,1.216,2,2,2,本地宝（公式時刻の転載）
gz_6,6,subway,gz_luogang,gz_suyuan,萝岗,苏元,1565,1538,線路沿い,90.0,90,60,150,1.9,1.216,2.5,4,2.5,本地宝（公式時刻の転載）
gz_6,6,subway,gz_suyuan,gz_xiangang,苏元,暹岗,893,834,線路沿い,90.0,63,60,123,1.45,1.216,1.5,4,1.5,本地宝（公式時刻の転載）
gz_6,6,subway,gz_xiangang,gz_jinfeng,暹岗,金峰,1374,1358,線路沿い,90.0,83,60,143,1.78,1.216,2.5,4,2.5,本地宝（公式時刻の転載）
gz_6,6,subway,gz_jinfeng,gz_huangbei,金峰,黄陂,2194,1997,線路沿い,90.0,116,60,176,2.32,1.216,3,3,3,本地宝（公式時刻の転載）
gz_6,6,subway,gz_huangbei,gz_gaotangshi,黄陂,高塘石,2459,2379,線路沿い,90.0,126,60,186,2.5,1.216,2.75,4,2.75,本地宝（公式時刻の転載）
gz_6,6,subway,gz_gaotangshi,gz_kemulang,高塘石,柯木塱,1483,1435,線路沿い,90.0,87,60,147,1.85,1.216,2.5,4,2.5,本地宝（公式時刻の転載）
gz_6,6,subway,gz_kemulang,gz_longdong,柯木塱,龙洞,1972,1939,線路沿い,90.0,107,60,167,2.18,1.216,2.5,4,2.5,本地宝（公式時刻の転載）
gz_6,6,subway,gz_longdong,gz_zhiwuyuan,龙洞,植物园,1470,1250,線路沿い,90.0,87,60,147,1.84,1.216,2.75,4,2.75,本地宝（公式時刻の転載）
gz_6,6,subway,gz_zhiwuyuan,gz_changban,植物园,长湴,2105,2028,線路沿い,90.0,112,60,172,2.26,1.216,3,2,3,本地宝（公式時刻の転載）
gz_6,6,subway,gz_changban,gz_tianhekeyunzhan,长湴,天河客运站,1106,1030,線路沿い,90.0,72,60,132,1.6,1.216,1.75,4,1.75,本地宝（公式時刻の転載）
gz_6,6,subway,gz_tianhekeyunzhan,gz_yantang,天河客运站,燕塘,2170,2096,線路沿い,90.0,115,60,175,2.31,1.216,3.25,4,3.25,本地宝（公式時刻の転載）
gz_6,6,subway,gz_yantang,gz_tianpingjia,燕塘,天平架,652,629,線路沿い,90.0,54,60,114,1.27,1.216,1.5,4,1.5,本地宝（公式時刻の転載）
gz_6,6,subway,gz_tianpingjia,gz_shahe,天平架,沙河,1285,1210,線路沿い,90.0,79,60,139,1.72,1.216,2,4,2,本地宝（公式時刻の転載）
gz_6,6,subway,gz_shahe,gz_shaheding,沙河,沙河顶,828,781,線路沿い,90.0,61,60,121,1.4,1.216,2,4,2,本地宝（公式時刻の転載）
gz_6,6,subway,gz_shaheding,gz_huanghuagang,沙河顶,黄花岗,1001,997,線路沿い,90.0,68,60,128,1.53,1.216,2,3,2,本地宝（公式時刻の転載）
gz_6,6,subway,gz_huanghuagang,gz_ouzhuang,黄花岗,区庄,872,776,線路沿い,90.0,63,60,123,1.44,1.216,1.5,4,1.5,本地宝（公式時刻の転載）
gz_6,6,subway,gz_ouzhuang,gz_dongshankou,区庄,东山口,1283,1178,線路沿い,90.0,79,60,139,1.72,1.216,2,3,2,本地宝（公式時刻の転載）
gz_6,6,subway,gz_dongshankou,gz_donghu,东山口,东湖,1458,1200,線路沿い,90.0,86,60,146,1.83,1.216,2,3,2,本地宝（公式時刻の転載）
gz_6,6,subway,gz_donghu,gz_tuanyidaguangchang,东湖,团一大广场,1281,1204,線路沿い,90.0,79,60,139,1.72,1.216,2,4,2,本地宝（公式時刻の転載）
gz_6,6,subway,gz_tuanyidaguangchang,gz_beijinglu,团一大广场,北京路,839,791,線路沿い,90.0,61,60,121,1.41,1.216,1.75,4,1.75,本地宝（公式時刻の転載）
gz_6,6,subway,gz_beijinglu,gz_haizhuguangchang,北京路,海珠广场,692,670,線路沿い,90.0,55,60,115,1.3,1.216,1.75,4,1.75,本地宝（公式時刻の転載）
gz_6,6,subway,gz_haizhuguangchang,gz_yidelu,海珠广场,一德路,945,866,線路沿い,90.0,66,60,126,1.49,1.216,2,3,2,本地宝（公式時刻の転載）
gz_6,6,subway,gz_yidelu,gz_wenhuagongyuan,一德路,文化公园,924,891,線路沿い,90.0,65,60,125,1.47,1.216,1.75,4,1.75,本地宝（公式時刻の転載）
gz_6,6,subway,gz_wenhuagongyuan,gz_huangsha,文化公园,黄沙,1018,981,線路沿い,90.0,68,60,128,1.54,1.216,2,4,2,本地宝（公式時刻の転載）
gz_6,6,subway,gz_huangsha,gz_ruyifang,黄沙,如意坊,1205,1137,線路沿い,90.0,76,60,136,1.66,1.216,2,4,2,本地宝（公式時刻の転載）
gz_6,6,subway,gz_ruyifang,gz_tanwei,如意坊,坦尾,1810,1732,線路沿い,90.0,100,60,160,2.07,1.216,2.5,4,2.5,本地宝（公式時刻の転載）
gz_6,6,subway,gz_tanwei,gz_hesha,坦尾,河沙,1209,1163,線路沿い,90.0,76,60,136,1.67,1.216,2.5,4,2.5,本地宝（公式時刻の転載）
gz_6,6,subway,gz_hesha,gz_shabei,河沙,沙贝,2173,1952,線路沿い,90.0,115,60,175,2.31,1.216,3,4,3,本地宝（公式時刻の転載）
gz_6,6,subway,gz_shabei,gz_hengsha,沙贝,横沙,874,809,線路沿い,90.0,63,60,123,1.44,1.216,1.25,4,1.25,本地宝（公式時刻の転載）
gz_6,6,subway,gz_hengsha,gz_xunfenggang,横沙,浔峰岗,929,915,線路沿い,90.0,65,60,125,1.48,1.216,1,2,1,本地宝（公式時刻の転載）
gz_7,7,subway,gz_meididadao,gz_beijiaogongyuan,美的大道,北滘公园,2265,1685,線路沿い,80.0,127,60,187,2.48,1.296,2.5,2,2.5,本地宝（公式時刻の転載）
gz_7,7,subway,gz_beijiaogongyuan,gz_meidi,北滘公园,美的,2091,1543,線路沿い,80.0,119,60,179,2.35,1.296,3.25,4,3.25,本地宝（公式時刻の転載）
gz_7,7,subway,gz_meidi,gz_nanchong,美的,南涌,1364,1308,線路沿い,80.0,86,60,146,1.81,1.296,2.5,4,2.5,本地宝（公式時刻の転載）
gz_7,7,subway,gz_nanchong,gz_jinlong,南涌,锦龙,2110,1683,線路沿い,80.0,120,60,180,2.37,1.296,2.75,4,2.75,本地宝（公式時刻の転載）
gz_7,7,subway,gz_jinlong,gz_chencun,锦龙,陈村,1662,1610,線路沿い,80.0,99,60,159,2.03,1.296,2.5,4,2.5,本地宝（公式時刻の転載）
gz_7,7,subway,gz_chencun,gz_chencunbei,陈村,陈村北,1468,1241,線路沿い,80.0,91,60,151,1.88,1.296,2.75,4,2.75,本地宝（公式時刻の転載）
gz_7,7,subway,gz_chencunbei,gz_dazhou,陈村北,大洲,1574,1515,線路沿い,80.0,96,60,156,1.96,1.296,2.25,4,2.25,本地宝（公式時刻の転載）
gz_7,7,subway,gz_dazhou,gz_guangzhounanzhan,大洲,广州南站,1463,1439,線路沿い,80.0,91,60,151,1.88,1.296,2.33,3,2.33,本地宝（公式時刻の転載）
gz_7,7,subway,gz_guangzhounanzhan,gz_shibi,广州南站,石壁,1109,1038,線路沿い,80.0,75,60,135,1.62,1.296,2.33,3,2.33,本地宝（公式時刻の転載）
gz_7,7,subway,gz_shibi,gz_xiecun,石壁,谢村,1970,1824,線路沿い,80.0,113,60,173,2.26,1.296,3,4,3,本地宝（公式時刻の転載）
gz_7,7,subway,gz_xiecun,gz_zhongcun,谢村,钟村,2220,2151,線路沿い,80.0,125,60,185,2.45,1.296,3,4,3,本地宝（公式時刻の転載）
gz_7,7,subway,gz_zhongcun,gz_hanxichanglong,钟村,汉溪长隆,1594,1519,線路沿い,80.0,96,60,156,1.98,1.296,3,3,3,本地宝（公式時刻の転載）
gz_7,7,subway,gz_hanxichanglong,gz_nancunwanbo,汉溪长隆,南村万博,2090,1995,線路沿い,80.0,119,60,179,2.35,1.296,3,4,3,本地宝（公式時刻の転載）
gz_7,7,subway,gz_nancunwanbo,gz_yuangang,南村万博,员岗,2513,2351,線路沿い,80.0,138,60,198,2.67,1.296,3.75,4,3.75,本地宝（公式時刻の転載）
gz_7,7,subway,gz_yuangang,gz_banqiao,员岗,板桥,2459,2403,線路沿い,80.0,135,60,195,2.63,1.296,3.5,4,3.5,本地宝（公式時刻の転載）
gz_7,7,subway,gz_banqiao,gz_daxuechengnan,板桥,大学城南,3821,3236,線路沿い,80.0,197,60,257,3.65,1.296,5.5,4,5.5,本地宝（公式時刻の転載）
gz_7,7,subway,gz_daxuechengnan,gz_shenjing,大学城南,深井,3352,2903,線路沿い,80.0,176,60,236,3.3,1.296,4,3,4,本地宝（公式時刻の転載）
gz_7,7,subway,gz_shenjing,gz_changzhou,深井,长洲,2284,2186,線路沿い,80.0,127,60,187,2.5,1.296,3.5,4,3.5,本地宝（公式時刻の転載）
gz_7,7,subway,gz_changzhou,gz_yufengwei,长洲,裕丰围,3642,3447,線路沿い,80.0,189,60,249,3.52,1.296,4.5,4,4.5,本地宝（公式時刻の転載）
gz_7,7,subway,gz_yufengwei,gz_dashadong,裕丰围,大沙东,1360,1286,線路沿い,80.0,86,60,146,1.8,1.296,2.75,4,2.75,本地宝（公式時刻の転載）
gz_7,7,subway,gz_dashadong,gz_jitang,大沙东,姬堂,3161,2872,線路沿い,80.0,167,60,227,3.15,1.296,4,3,4,本地宝（公式時刻の転載）
gz_7,7,subway,gz_jitang,gz_jiazhuang,姬堂,加庄,1841,1798,線路沿い,80.0,108,60,168,2.16,1.296,2.25,4,2.25,本地宝（公式時刻の転載）
gz_7,7,subway,gz_jiazhuang,gz_kefenglu,加庄,科丰路,1795,1776,線路沿い,80.0,105,60,165,2.13,1.296,2.75,4,2.75,本地宝（公式時刻の転載）
gz_7,7,subway,gz_kefenglu,gz_luogang,科丰路,萝岗,2723,2187,線路沿い,80.0,147,60,207,2.83,1.296,3.5,4,3.5,本地宝（公式時刻の転載）
gz_7,7,subway,gz_luogang,gz_shuixi,萝岗,水西,1306,1273,線路沿い,80.0,83,60,143,1.76,1.296,2.5,4,2.5,本地宝（公式時刻の転載）
gz_7,7,subway,gz_shuixi,gz_yanshan,水西,燕山,1049,999,線路沿い,80.0,72,60,132,1.57,1.296,1.5,2,1.5,本地宝（公式時刻の転載）
gz_8,8,subway,gz_jiaoxin,gz_tinggang,滘心,亭岗,1595,1590,線路沿い,80.0,96,60,156,1.98,1.186,2,2,2,本地宝（公式時刻の転載）
gz_8,8,subway,gz_tinggang,gz_shijing,亭岗,石井,1842,1722,線路沿い,80.0,108,60,168,2.17,1.186,2.5,4,2.5,本地宝（公式時刻の転載）
gz_8,8,subway,gz_shijing,gz_xiaoping,石井,小坪,1953,1710,線路沿い,80.0,113,60,173,2.25,1.186,2.75,4,2.75,本地宝（公式時刻の転載）
gz_8,8,subway,gz_xiaoping,gz_shitan,小坪,石潭,1422,1373,線路沿い,80.0,89,60,149,1.85,1.186,2.25,4,2.25,本地宝（公式時刻の転載）
gz_8,8,subway,gz_shitan,gz_julong,石潭,聚龙,796,790,線路沿い,80.0,61,60,121,1.38,1.186,,0,1.64,実測（本地宝（公式時刻の転載）、15/27 区間）
gz_8,8,subway,gz_julong,gz_shangbu,聚龙,上步,1180,1170,線路沿い,80.0,78,60,138,1.67,1.186,,0,1.98,実測（本地宝（公式時刻の転載）、15/27 区間）
gz_8,8,subway,gz_shangbu,gz_tongde,上步,同德,841,824,線路沿い,80.0,63,60,123,1.41,1.186,2,4,2,本地宝（公式時刻の転載）
gz_8,8,subway,gz_tongde,gz_ezhangtan,同德,鹅掌坦,847,842,線路沿い,80.0,63,60,123,1.42,1.186,,0,1.68,実測（本地宝（公式時刻の転載）、15/27 区間）
gz_8,8,subway,gz_ezhangtan,gz_xicun,鹅掌坦,西村,1831,1707,線路沿い,80.0,107,60,167,2.16,1.186,,0,2.56,実測（本地宝（公式時刻の転載）、15/27 区間）
gz_8,8,subway,gz_xicun,gz_caihongqiao,西村,彩虹桥,921,856,線路沿い,80.0,66,60,126,1.47,1.186,1.25,4,1.25,本地宝（公式時刻の転載）
gz_8,8,subway,gz_caihongqiao,gz_chenjiaci,彩虹桥,陈家祠,1115,1005,線路沿い,80.0,75,60,135,1.62,1.186,2.75,4,2.75,本地宝（公式時刻の転載）
gz_8,8,subway,gz_chenjiaci,gz_hualinsi,陈家祠,华林寺,889,875,線路沿い,80.0,65,60,125,1.45,1.186,2,4,2,本地宝（公式時刻の転載）
gz_8,8,subway,gz_hualinsi,gz_wenhuagongyuan,华林寺,文化公园,1051,1045,線路沿い,80.0,72,60,132,1.57,1.186,1.67,3,1.67,本地宝（公式時刻の転載）
gz_8,8,subway,gz_wenhuagongyuan,gz_tongfuxi,文化公园,同福西,925,868,線路沿い,80.0,66,60,126,1.48,1.186,2,3,2,本地宝（公式時刻の転載）
gz_8,8,subway,gz_tongfuxi,gz_fenghuangxincun,同福西,凤凰新村,849,833,線路沿い,80.0,63,60,123,1.42,1.186,,0,1.69,実測（本地宝（公式時刻の転載）、15/27 区間）
gz_8,8,subway,gz_fenghuangxincun,gz_shayuan,凤凰新村,沙园,933,849,線路沿い,80.0,67,60,127,1.48,1.186,,0,1.76,実測（本地宝（公式時刻の転載）、15/27 区間）
gz_8,8,subway,gz_shayuan,gz_baogangdadao,沙园,宝岗大道,1034,955,線路沿い,80.0,71,60,131,1.56,1.186,,0,1.85,実測（本地宝（公式時刻の転載）、15/27 区間）
gz_8,8,subway,gz_baogangdadao,gz_changgang,宝岗大道,昌岗,954,878,線路沿い,80.0,68,60,128,1.5,1.186,,0,1.78,実測（本地宝（公式時刻の転載）、15/27 区間）
gz_8,8,subway,gz_changgang,gz_xiaogang_2,昌岗,晓港,665,605,線路沿い,80.0,55,60,115,1.28,1.186,,0,1.51,実測（本地宝（公式時刻の転載）、15/27 区間）
gz_8,8,subway,gz_xiaogang_2,gz_zhongda,晓港,中大,1192,1159,線路沿い,80.0,78,60,138,1.68,1.186,,0,1.99,実測（本地宝（公式時刻の転載）、15/27 区間）
gz_8,8,subway,gz_zhongda,gz_lujiang,中大,鹭江,1746,1580,線路沿い,80.0,103,60,163,2.09,1.186,,0,2.48,実測（本地宝（公式時刻の転載）、15/27 区間）
gz_8,8,subway,gz_lujiang,gz_kecun,鹭江,客村,1233,1231,線路沿い,80.0,80,60,140,1.71,1.186,,0,2.03,実測（本地宝（公式時刻の転載）、15/27 区間）
gz_8,8,subway,gz_kecun,gz_chigang,客村,赤岗,1603,1527,線路沿い,80.0,97,60,157,1.99,1.186,2.5,4,2.5,本地宝（公式時刻の転載）
gz_8,8,subway,gz_chigang,gz_modiesha,赤岗,磨碟沙,956,854,線路沿い,80.0,68,60,128,1.5,1.186,1.33,3,1.33,本地宝（公式時刻の転載）
gz_8,8,subway,gz_modiesha,gz_xingangdong,磨碟沙,新港东,1465,1403,線路沿い,80.0,91,60,151,1.88,1.186,2.5,4,2.5,本地宝（公式時刻の転載）
gz_8,8,subway,gz_xingangdong,gz_pazhou,新港东,琶洲,1140,1122,線路沿い,80.0,76,60,136,1.64,1.186,1.75,4,1.75,本地宝（公式時刻の転載）
gz_8,8,subway,gz_pazhou,gz_wanshengwei,琶洲,万胜围,1722,1694,線路沿い,80.0,102,60,162,2.08,1.186,2,2,2,本地宝（公式時刻の転載）
gz_9,9,subway,gz_feieling,gz_huadouqichecheng,飞鹅岭,花都汽车城,2662,2608,線路沿い,120.0,117,60,177,2.42,1.214,2,2,2,本地宝（公式時刻の転載）
gz_9,9,subway,gz_huadouqichecheng,gz_guangzhoubeizhan,花都汽车城,广州北站,2207,2200,線路沿い,120.0,103,60,163,2.2,1.214,3,4,3,本地宝（公式時刻の転載）
gz_9,9,subway,gz_guangzhoubeizhan,gz_huachenglu,广州北站,花城路,1317,1212,線路沿い,120.0,77,60,137,1.73,1.214,2,4,2,本地宝（公式時刻の転載）
gz_9,9,subway,gz_huachenglu,gz_huaguoshangongyuan,花城路,花果山公园,1184,1021,線路沿い,120.0,73,60,133,1.65,1.214,2,4,2,本地宝（公式時刻の転載）
gz_9,9,subway,gz_huaguoshangongyuan,gz_huadouguangchang,花果山公园,花都广场,1968,1602,線路沿い,120.0,96,60,156,2.08,1.214,3,4,3,本地宝（公式時刻の転載）
gz_9,9,subway,gz_huadouguangchang,gz_maanshangongyuan,花都广场,马鞍山公园,1670,1615,線路沿い,120.0,87,60,147,1.93,1.214,3,4,3,本地宝（公式時刻の転載）
gz_9,9,subway,gz_maanshangongyuan,gz_liantang,马鞍山公园,莲塘,1464,1368,線路沿い,120.0,81,60,141,1.81,1.214,2,4,2,本地宝（公式時刻の転載）
gz_9,9,subway,gz_liantang,gz_qingbu,莲塘,清㘵,1390,1325,線路沿い,120.0,79,60,139,1.77,1.214,2,4,2,本地宝（公式時刻の転載）
gz_9,9,subway,gz_qingbu,gz_qingtang,清㘵,清塘,1394,1387,線路沿い,120.0,79,60,139,1.77,1.214,3,4,3,本地宝（公式時刻の転載）
gz_9,9,subway,gz_qingtang,gz_gaozeng,清塘,高增,4295,3843,線路沿い,120.0,166,60,226,3.24,1.214,3,2,3,本地宝（公式時刻の転載）
gz_10,10,subway,gz_xilang,gz_huawei,西塱,花围,1842,1596,線路沿い,80.0,108,60,168,2.17,1.228,2,2,2,本地宝（公式時刻の転載）
gz_10,10,subway,gz_huawei,gz_dongsha,花围,东沙,2059,2020,線路沿い,80.0,117,60,177,2.33,1.228,3,4,3,本地宝（公式時刻の転載）
gz_10,10,subway,gz_dongsha,gz_daganwei,东沙,大干围,2012,1981,線路沿い,80.0,115,60,175,2.29,1.228,3,4,3,本地宝（公式時刻の転載）
gz_10,10,subway,gz_daganwei,gz_gongyedadaonan,大干围,工业大道南,1078,971,線路沿い,80.0,73,60,133,1.59,1.228,2.25,4,2.25,本地宝（公式時刻の転載）
gz_10,10,subway,gz_gongyedadaonan,gz_dongxiaonan,工业大道南,东晓南,731,705,線路沿い,80.0,58,60,118,1.33,1.228,2,4,2,本地宝（公式時刻の転載）
gz_10,10,subway,gz_dongxiaonan,gz_wufeng,东晓南,五凤,1233,1176,線路沿い,80.0,80,60,140,1.71,1.228,2.25,4,2.25,本地宝（公式時刻の転載）
gz_10,10,subway,gz_wufeng,gz_zhongdananmen,五凤,中大南门,878,822,線路沿い,80.0,64,60,124,1.44,1.228,2,3,2,本地宝（公式時刻の転載）
gz_10,10,subway,gz_zhongdananmen,gz_binjiangdonglu,中大南门,滨江东路,1788,1653,線路沿い,80.0,105,60,165,2.12,1.228,2.25,4,2.25,本地宝（公式時刻の転載）
gz_10,10,subway,gz_binjiangdonglu,gz_donghu,滨江东路,东湖,1399,1273,線路沿い,80.0,88,60,148,1.83,1.228,2.25,4,2.25,本地宝（公式時刻の転載）
gz_10,10,subway,gz_donghu,gz_wuyangcun,东湖,五羊邨,2985,2439,線路沿い,80.0,159,60,219,3.02,1.228,4,4,4,本地宝（公式時刻の転載）
gz_10,10,subway,gz_wuyangcun,gz_yangjidong,五羊邨,杨箕东,728,613,線路沿い,80.0,57,60,117,1.33,1.228,1,2,1,本地宝（公式時刻の転載）
gz_11,11,subway,gz_chisha,gz_pazhou,赤沙,琶洲,1804,1620,線路沿い,80.0,106,60,166,2.14,1.266,2.75,4,2.75,本地宝（公式時刻の転載）
gz_11,11,subway,gz_pazhou,gz_yuancun,琶洲,员村,2127,1909,線路沿い,80.0,120,60,180,2.38,1.266,2.5,4,2.5,本地宝（公式時刻の転載）
gz_11,11,subway,gz_yuancun,gz_tianhegongyuan,员村,天河公园,1156,1087,線路沿い,80.0,77,60,137,1.65,1.266,2.5,4,2.5,本地宝（公式時刻の転載）
gz_11,11,subway,gz_tianhegongyuan,gz_huajinglu,天河公园,华景路,1519,1069,線路沿い,80.0,93,60,153,1.92,1.266,2.5,4,2.5,本地宝（公式時刻の転載）
gz_11,11,subway,gz_huajinglu,gz_huashi,华景路,华师,1710,1623,線路沿い,80.0,102,60,162,2.07,1.266,2.75,4,2.75,本地宝（公式時刻の転載）
gz_11,11,subway,gz_huashi,gz_longkouxi,华师,龙口西,862,754,線路沿い,80.0,63,60,123,1.43,1.266,1.5,4,1.5,本地宝（公式時刻の転載）
gz_11,11,subway,gz_longkouxi,gz_guangzhoudongzhan,龙口西,广州东站,2005,1706,線路沿い,80.0,115,60,175,2.29,1.266,3,3,3,本地宝（公式時刻の転載）
gz_11,11,subway,gz_guangzhoudongzhan,gz_shahe,广州东站,沙河,1564,1278,線路沿い,80.0,95,60,155,1.96,1.266,2.25,4,2.25,本地宝（公式時刻の転載）
gz_11,11,subway,gz_shahe,gz_yuntaihuayuan,沙河,云台花园,2071,1973,線路沿い,80.0,118,60,178,2.34,1.266,3,3,3,本地宝（公式時刻の転載）
gz_11,11,subway,gz_yuntaihuayuan,gz_dajinzhonglu,云台花园,大金钟路,2160,1862,線路沿い,80.0,122,60,182,2.4,1.266,2.75,4,2.75,本地宝（公式時刻の転載）
gz_11,11,subway,gz_dajinzhonglu,gz_zhongyiyaodaxue,大金钟路,中医药大学,1062,940,線路沿い,80.0,72,60,132,1.58,1.266,2.25,4,2.25,本地宝（公式時刻の転載）
gz_11,11,subway,gz_zhongyiyaodaxue,gz_ziyuangang,中医药大学,梓元岗,814,766,線路沿い,80.0,61,60,121,1.39,1.266,1.75,4,1.75,本地宝（公式時刻の転載）
gz_11,11,subway,gz_ziyuangang,gz_liuhua,梓元岗,流花,1786,1648,線路沿い,80.0,105,60,165,2.12,1.266,3.75,4,3.75,本地宝（公式時刻の転載）
gz_11,11,subway,gz_liuhua,gz_caihongqiao,流花,彩虹桥,1636,1296,線路沿い,80.0,98,60,158,2.01,1.266,3,3,3,本地宝（公式時刻の転載）
gz_11,11,subway,gz_caihongqiao,gz_zhongshanba,彩虹桥,中山八,1791,1612,線路沿い,80.0,105,60,165,2.13,1.266,2.25,4,2.25,本地宝（公式時刻の転載）
gz_11,11,subway,gz_zhongshanba,gz_ruyifang,中山八,如意坊,1538,1251,線路沿い,80.0,94,60,154,1.94,1.266,,0,2.45,実測（本地宝（公式時刻の転載）、28/30 区間）
gz_11,11,subway,gz_ruyifang,gz_shiweitang,如意坊,石围塘,2265,1402,線路沿い,80.0,127,60,187,2.48,1.266,3.33,3,3.33,本地宝（公式時刻の転載）
gz_11,11,subway,gz_shiweitang,gz_fangcun,石围塘,芳村,1242,1201,線路沿い,80.0,81,60,141,1.72,1.266,1.75,4,1.75,本地宝（公式時刻の転載）
gz_11,11,subway,gz_fangcun,gz_dachongkou,芳村,大冲口,1530,1381,線路沿い,80.0,94,60,154,1.93,1.266,2,4,2,本地宝（公式時刻の転載）
gz_11,11,subway,gz_dachongkou,gz_shachong,大冲口,沙涌,737,699,線路沿い,80.0,58,60,118,1.33,1.266,2,4,2,本地宝（公式時刻の転載）
gz_11,11,subway,gz_shachong,gz_hedongdong,沙涌,鹤洞东,1508,1421,線路沿い,80.0,93,60,153,1.91,1.266,2,4,2,本地宝（公式時刻の転載）
gz_11,11,subway,gz_hedongdong,gz_diyuan,鹤洞东,棣园,1749,1419,線路沿い,80.0,103,60,163,2.1,1.266,2.75,4,2.75,本地宝（公式時刻の転載）
gz_11,11,subway,gz_diyuan,gz_yangang,棣园,燕岗,808,740,線路沿い,80.0,61,60,121,1.39,1.266,2,3,2,本地宝（公式時刻の転載）
gz_11,11,subway,gz_yangang,gz_jiangtailu,燕岗,江泰路,1260,1172,線路沿い,80.0,81,60,141,1.73,1.266,2,3,2,本地宝（公式時刻の転載）
gz_11,11,subway,gz_jiangtailu,gz_wufeng,江泰路,五凤,1558,1544,線路沿い,80.0,95,60,155,1.95,1.266,2.5,4,2.5,本地宝（公式時刻の転載）
gz_11,11,subway,gz_wufeng,gz_yijinglu,五凤,逸景路,960,944,線路沿い,80.0,68,60,128,1.5,1.266,1.75,4,1.75,本地宝（公式時刻の転載）
gz_11,11,subway,gz_yijinglu,gz_shangchong,逸景路,上涌,871,850,線路沿い,80.0,64,60,124,1.44,1.266,1.5,4,1.5,本地宝（公式時刻の転載）
gz_11,11,subway,gz_shangchong,gz_datang,上涌,大塘,1006,942,線路沿い,80.0,70,60,130,1.54,1.266,2.5,4,2.5,本地宝（公式時刻の転載）
gz_11,11,subway,gz_datang,gz_longtan,大塘,龙潭,2009,1938,線路沿い,80.0,115,60,175,2.29,1.266,2.67,3,2.67,本地宝（公式時刻の転載）
gz_11,11,subway,gz_longtan,gz_chisha,龙潭,赤沙,2444,2422,線路沿い,80.0,135,60,195,2.62,1.266,,0,3.31,実測（本地宝（公式時刻の転載）、28/30 区間）
gz_12,12,subway,gz_ershadao,gz_chigangta,二沙岛,赤岗塔,2340,2291,線路沿い,80.0,130,60,190,2.54,1.321,,0,3.35,実測（本地宝（公式時刻の転載）、6/16 区間）
gz_12,12,subway,gz_chigangta,gz_chigang,赤岗塔,赤岗,1374,1253,線路沿い,80.0,87,60,147,1.81,1.321,,0,2.4,実測（本地宝（公式時刻の転載）、6/16 区間）
gz_12,12,subway,gz_chigang,gz_chishabei,赤岗,赤沙北,1440,1403,線路沿い,80.0,89,60,149,1.86,1.321,2.5,4,2.5,本地宝（公式時刻の転載）
gz_12,12,subway,gz_chishabei,gz_chisha,赤沙北,赤沙,2164,1867,線路沿い,80.0,122,60,182,2.41,1.321,3.5,4,3.5,本地宝（公式時刻の転載）
gz_12,12,subway,gz_chisha,gz_beishan,赤沙,北山,1487,1162,線路沿い,80.0,92,60,152,1.9,1.321,2.5,4,2.5,本地宝（公式時刻の転載）
gz_12,12,subway,gz_beishan,gz_guanzhou,北山,官洲,2059,2009,線路沿い,80.0,117,60,177,2.33,1.321,3,4,3,本地宝（公式時刻の転載）
gz_12,12,subway,gz_guanzhou,gz_daxuechengbei,官洲,大学城北,1468,1402,線路沿い,80.0,91,60,151,1.88,1.321,2.38,8,2.38,本地宝（公式時刻の転載）
gz_12,12,subway,gz_daxuechengbei,gz_daxuechengnan,大学城北,大学城南,2141,2123,線路沿い,80.0,121,60,181,2.39,1.321,3,6,3,本地宝（公式時刻の転載）
gz_12,12,subway,gz_guangzhoutiyuguan,gz_baiyunwenhuaguangchang,广州体育馆,白云文化广场,1753,1233,線路沿い,80.0,104,60,164,2.1,1.321,,0,2.77,実測（本地宝（公式時刻の転載）、6/16 区間）
gz_12,12,subway,gz_baiyunwenhuaguangchang,gz_xinshixu,白云文化广场,新市墟,1468,1345,線路沿い,80.0,91,60,151,1.88,1.321,,0,2.49,実測（本地宝（公式時刻の転載）、6/16 区間）
gz_12,12,subway,gz_xinshixu,gz_tangchong,新市墟,棠涌,1032,1013,線路沿い,80.0,71,60,131,1.56,1.321,,0,2.06,実測（本地宝（公式時刻の転載）、6/16 区間）
gz_12,12,subway,gz_tangchong,gz_guangzhoubaiyunzhan,棠涌,广州白云站,955,733,線路沿い,80.0,68,60,128,1.5,1.321,,0,1.98,実測（本地宝（公式時刻の転載）、6/16 区間）
gz_12,12,subway,gz_guangzhoubaiyunzhan,gz_julong,广州白云站,聚龙,2132,1575,線路沿い,80.0,121,60,181,2.38,1.321,,0,3.15,実測（本地宝（公式時刻の転載）、6/16 区間）
gz_12,12,subway,gz_julong,gz_xizhou,聚龙,西洲,1722,1620,線路沿い,80.0,102,60,162,2.08,1.321,,0,2.74,実測（本地宝（公式時刻の転載）、6/16 区間）
gz_12,12,subway,gz_xizhou,gz_xunfenggangbei,西洲,浔峰岗北,2276,2111,線路沿い,80.0,127,60,187,2.49,1.321,,0,3.29,実測（本地宝（公式時刻の転載）、6/16 区間）
gz_12,12,subway,gz_xunfenggangbei,gz_xunfenggang,浔峰岗北,浔峰岗,1079,1011,線路沿い,80.0,73,60,133,1.59,1.321,,0,2.1,実測（本地宝（公式時刻の転載）、6/16 区間）
gz_13,13,subway,gz_tianhegongyuan,gz_tangxia,天河公园,棠下,2154,1989,線路沿い,100.0,108,60,168,2.23,1.25,2,2,2,本地宝（公式時刻の転載）
gz_13,13,subway,gz_tangxia,gz_chebei,棠下,车陂,1374,1326,線路沿い,100.0,80,60,140,1.76,1.25,2.75,4,2.75,本地宝（公式時刻の転載）
gz_13,13,subway,gz_chebei,gz_tianhezhucun,车陂,天河珠村,2891,2726,線路沿い,100.0,135,60,195,2.67,1.25,3.5,4,3.5,本地宝（公式時刻の転載）
gz_13,13,subway,gz_tianhezhucun,gz_yuzhu,天河珠村,鱼珠,2323,2160,線路沿い,100.0,114,60,174,2.33,1.25,4,4,4,本地宝（公式時刻の転載）
gz_13,13,subway,gz_yuzhu,gz_yufengwei,鱼珠,裕丰围,2864,2456,線路沿い,100.0,134,60,194,2.66,1.25,3,4,3,本地宝（公式時刻の転載）
gz_13,13,subway,gz_yufengwei,gz_shuanggang,裕丰围,双岗,1902,1887,線路沿い,100.0,99,60,159,2.08,1.25,2.75,4,2.75,本地宝（公式時刻の転載）
gz_13,13,subway,gz_shuanggang,gz_nanhaishenmiao,双岗,南海神庙,2830,2735,線路沿い,100.0,133,60,193,2.64,1.25,3.25,4,3.25,本地宝（公式時刻の転載）
gz_13,13,subway,gz_nanhaishenmiao,gz_xiayuan,南海神庙,夏园,2186,2140,線路沿い,100.0,110,60,170,2.25,1.25,2.5,2,2.5,本地宝（公式時刻の転載）
gz_13,13,subway,gz_xiayuan,gz_nangang,夏园,南岗,2759,2671,線路沿い,100.0,130,60,190,2.59,1.25,3.25,4,3.25,本地宝（公式時刻の転載）
gz_13,13,subway,gz_nangang,gz_shacun,南岗,沙村,3724,3445,線路沿い,100.0,165,60,225,3.17,1.25,4.25,4,4.25,本地宝（公式時刻の転載）
gz_13,13,subway,gz_shacun,gz_baijiang,沙村,白江,3461,2992,線路沿い,100.0,155,60,215,3.01,1.25,3.75,4,3.75,本地宝（公式時刻の転載）
gz_13,13,subway,gz_baijiang,gz_xintang,白江,新塘,1530,1258,線路沿い,100.0,86,60,146,1.86,1.25,2.5,4,2.5,本地宝（公式時刻の転載）
gz_13,13,subway,gz_xintang,gz_guanhu,新塘,官湖,3373,3370,線路沿い,100.0,152,60,212,2.96,1.25,4,3,4,本地宝（公式時刻の転載）
gz_13,13,subway,gz_guanhu,gz_xinsha,官湖,新沙,1385,1363,線路沿い,100.0,81,60,141,1.77,1.25,1,2,1,本地宝（公式時刻の転載）
gz_14,14,subway,gz_lejialu,gz_yunxiaolu,乐嘉路,云霄路,1387,1374,線路沿い,120.0,79,60,139,1.77,1.199,1,2,1,本地宝（公式時刻の転載）
gz_14,14,subway,gz_yunxiaolu,gz_xinshixu,云霄路,新市墟,1319,1269,線路沿い,120.0,77,60,137,1.73,1.199,2,4,2,本地宝（公式時刻の転載）
gz_14,14,subway,gz_xinshixu,gz_mawu,新市墟,马务,871,784,線路沿い,120.0,62,60,122,1.44,1.199,2,4,2,本地宝（公式時刻の転載）
gz_14,14,subway,gz_mawu,gz_hebian,马务,鹤边,1346,1296,線路沿い,120.0,77,60,137,1.75,1.199,2.5,4,2.5,本地宝（公式時刻の転載）
gz_14,14,subway,gz_hebian,gz_helong,鹤边,鹤龙,1266,1222,線路沿い,120.0,75,60,135,1.7,1.199,2,4,2,本地宝（公式時刻の転載）
gz_14,14,subway,gz_helong,gz_pengbian,鹤龙,彭边,1173,1043,線路沿い,120.0,72,60,132,1.64,1.199,2,4,2,本地宝（公式時刻の転載）
gz_14,14,subway,gz_pengbian,gz_jiahewanggang,彭边,嘉禾望岗,1841,1377,線路沿い,120.0,92,60,152,2.01,1.199,2,3,2,本地宝（公式時刻の転載）
gz_14,14,subway,gz_jiahewanggang,gz_baiyundongping,嘉禾望岗,白云东平,4299,3323,線路沿い,120.0,166,60,226,3.24,1.199,4,3,4,本地宝（公式時刻の転載）
gz_14,14,subway,gz_baiyundongping,gz_xialiang,白云东平,夏良,3108,2975,線路沿い,120.0,130,60,190,2.65,1.199,3.75,4,3.75,本地宝（公式時刻の転載）
gz_14,14,subway,gz_xialiang,gz_taihe,夏良,太和,3605,3366,線路沿い,120.0,145,60,205,2.9,1.199,3,4,3,本地宝（公式時刻の転載）
gz_14,14,subway,gz_taihe,gz_zhuliao,太和,竹料,6045,5955,線路沿い,120.0,218,60,278,4.12,1.199,5.33,3,5.33,本地宝（公式時刻の転載）
gz_14,14,subway,gz_zhuliao,gz_zhongluotan,竹料,钟落潭,4539,4428,線路沿い,120.0,173,60,233,3.36,1.199,4.33,3,4.33,本地宝（公式時刻の転載）
gz_14,14,subway,gz_zhongluotan,gz_mali,钟落潭,马沥,5725,5506,線路沿い,120.0,209,60,269,3.96,1.199,5,3,5,本地宝（公式時刻の転載）
gz_14,14,subway,gz_mali,gz_xinhe,马沥,新和,2733,2704,線路沿い,120.0,119,60,179,2.46,1.199,2.5,4,2.5,本地宝（公式時刻の転載）
gz_14,14,subway,gz_xinhe,gz_taiping,新和,太平,5239,5017,線路沿い,120.0,194,60,254,3.71,1.199,5,3,5,本地宝（公式時刻の転載）
gz_14,14,subway,gz_taiping,gz_shengang,太平,神岗,3926,3667,線路沿い,120.0,155,60,215,3.06,1.199,3.75,4,3.75,本地宝（公式時刻の転載）
gz_14,14,subway,gz_shengang,gz_chicao,神岗,赤草,5459,5270,線路沿い,120.0,201,60,261,3.82,1.199,5,3,5,本地宝（公式時刻の転載）
gz_14,14,subway,gz_chicao,gz_conghuakeyunzhan,赤草,从化客运站,5027,4875,線路沿い,120.0,188,60,248,3.61,1.199,4.25,4,4.25,本地宝（公式時刻の転載）
gz_14,14,subway,gz_conghuakeyunzhan,gz_dongfeng,从化客运站,东风,4096,3969,線路沿い,120.0,160,60,220,3.14,1.199,3,2,3,本地宝（公式時刻の転載）
gz_14,14,subway,gz_xinhe,gz_hongwei,新和,红卫,3585,2606,線路沿い,120.0,145,60,205,2.89,1.199,,0,3.46,実測（本地宝（公式時刻の転載）、19/28 区間）
gz_14,14,subway,gz_hongwei,gz_xinnan,红卫,新南,2561,2554,線路沿い,120.0,114,60,174,2.37,1.199,,0,2.85,実測（本地宝（公式時刻の転載）、19/28 区間）
gz_14,14,subway,gz_xinnan,gz_fengxia,新南,枫下,2113,2023,線路沿い,120.0,100,60,160,2.15,1.199,,0,2.58,実測（本地宝（公式時刻の転載）、19/28 区間）
gz_14,14,subway,gz_fengxia,gz_zhishicheng,枫下,知识城,2263,2261,線路沿い,120.0,105,60,165,2.22,1.199,,0,2.67,実測（本地宝（公式時刻の転載）、19/28 区間）
gz_14,14,subway,gz_zhishicheng,gz_hetangxia,知识城,何棠下,2955,2831,線路沿い,120.0,126,60,186,2.57,1.199,,0,3.08,実測（本地宝（公式時刻の転載）、19/28 区間）
gz_14,14,subway,gz_hetangxia,gz_wangcun,何棠下,旺村,1273,1238,線路沿い,120.0,75,60,135,1.7,1.199,,0,2.04,実測（本地宝（公式時刻の転載）、19/28 区間）
gz_14,14,subway,gz_wangcun,gz_tangcun,旺村,汤村,2203,2200,線路沿い,120.0,103,60,163,2.19,1.199,,0,2.63,実測（本地宝（公式時刻の転載）、19/28 区間）
gz_14,14,subway,gz_tangcun,gz_zhenlongbei,汤村,镇龙北,2363,2337,線路沿い,120.0,108,60,168,2.27,1.199,,0,2.73,実測（本地宝（公式時刻の転載）、19/28 区間）
gz_14,14,subway,gz_zhenlongbei,gz_zhenlong,镇龙北,镇龙,2006,1722,線路沿い,120.0,97,60,157,2.1,1.199,,0,2.51,実測（本地宝（公式時刻の転載）、19/28 区間）
gz_18,18,subway,gz_xiancun,gz_modiesha,冼村,磨碟沙,4135,3327,線路沿い,160.0,142,60,202,2.95,1.304,4,2,4,本地宝（公式時刻の転載）
gz_18,18,subway,gz_modiesha,gz_longtan,磨碟沙,龙潭,2271,2217,線路沿い,160.0,100,60,160,2.22,1.304,3.5,4,3.5,本地宝（公式時刻の転載）
gz_18,18,subway,gz_longtan,gz_shaxi,龙潭,沙溪,4894,4763,線路沿い,160.0,159,60,219,3.24,1.304,4.67,3,4.67,本地宝（公式時刻の転載）
gz_18,18,subway,gz_shaxi,gz_nancunwanbo,沙溪,南村万博,4096,3748,線路沿い,160.0,142,60,202,2.94,1.304,4.5,4,4.5,本地宝（公式時刻の転載）
gz_18,18,subway,gz_nancunwanbo,gz_panyuguangchang,南村万博,番禺广场,8967,8618,線路沿い,160.0,251,60,311,4.76,1.304,6,3,6,本地宝（公式時刻の転載）
gz_18,18,subway,gz_panyuguangchang,gz_hengli,番禺广场,横沥,26049,24032,線路沿い,160.0,635,60,695,11.17,1.304,,0,14.56,実測（本地宝（公式時刻の転載）、6/7 区間）
gz_18,18,subway,gz_hengli,gz_wanqingsha,横沥,万顷沙,7847,7659,線路沿い,160.0,226,60,286,4.34,1.304,4,2,4,本地宝（公式時刻の転載）
gz_21,21,subway,gz_tianhegongyuan,gz_tangdong,天河公园,棠东,3414,2810,線路沿い,120.0,139,60,199,2.8,1.236,3,2,3,本地宝（公式時刻の転載）
gz_21,21,subway,gz_tangdong,gz_huangcun,棠东,黄村,2029,1746,線路沿い,120.0,98,60,158,2.11,1.236,3,4,3,本地宝（公式時刻の転載）
gz_21,21,subway,gz_huangcun,gz_daguannanlu,黄村,大观南路,1430,1361,線路沿い,120.0,80,60,140,1.79,1.236,2,4,2,本地宝（公式時刻の転載）
gz_21,21,subway,gz_daguannanlu,gz_tianhezhihuicheng,大观南路,天河智慧城,2135,2084,線路沿い,120.0,101,60,161,2.16,1.236,3,4,3,本地宝（公式時刻の転載）
gz_21,21,subway,gz_tianhezhihuicheng,gz_shenzhoulu,天河智慧城,神舟路,3301,2869,線路沿い,120.0,136,60,196,2.74,1.236,4,4,4,本地宝（公式時刻の転載）
gz_21,21,subway,gz_shenzhoulu,gz_kexuecheng,神舟路,科学城,1998,1891,線路沿い,120.0,97,60,157,2.09,1.236,2.33,3,2.33,本地宝（公式時刻の転載）
gz_21,21,subway,gz_kexuecheng,gz_suyuan,科学城,苏元,2616,1975,線路沿い,120.0,116,60,176,2.4,1.236,2.5,4,2.5,本地宝（公式時刻の転載）
gz_21,21,subway,gz_suyuan,gz_shuixi,苏元,水西,2281,2141,線路沿い,120.0,105,60,165,2.23,1.236,3,2,3,本地宝（公式時刻の転載）
gz_21,21,subway,gz_shuixi,gz_changping,水西,长平,2930,2771,線路沿い,120.0,125,60,185,2.56,1.236,2.75,4,2.75,本地宝（公式時刻の転載）
gz_21,21,subway,gz_changping,gz_jinkeng,长平,金坑,6075,5804,線路沿い,120.0,219,60,279,4.13,1.236,5.67,3,5.67,本地宝（公式時刻の転載）
gz_21,21,subway,gz_jinkeng,gz_zhenlongxi,金坑,镇龙西,6098,5794,線路沿い,120.0,220,60,280,4.14,1.236,5.33,3,5.33,本地宝（公式時刻の転載）
gz_21,21,subway,gz_zhenlongxi,gz_zhenlong,镇龙西,镇龙,2219,2096,線路沿い,120.0,104,60,164,2.2,1.236,2.75,4,2.75,本地宝（公式時刻の転載）
gz_21,21,subway,gz_zhenlong,gz_zhongxin,镇龙,中新,2161,2037,線路沿い,120.0,102,60,162,2.17,1.236,2.75,4,2.75,本地宝（公式時刻の転載）
gz_21,21,subway,gz_zhongxin,gz_kengbei,中新,坑贝,3271,3136,線路沿い,120.0,135,60,195,2.73,1.236,3.33,3,3.33,本地宝（公式時刻の転載）
gz_21,21,subway,gz_kengbei,gz_fenggang,坑贝,凤岗,2817,2811,線路沿い,120.0,122,60,182,2.5,1.236,2.67,3,2.67,本地宝（公式時刻の転載）
gz_21,21,subway,gz_fenggang,gz_zhucun,凤岗,朱村,3259,3226,線路沿い,120.0,135,60,195,2.72,1.236,3.5,4,3.5,本地宝（公式時刻の転載）
gz_21,21,subway,gz_zhucun,gz_shantian,朱村,山田,4456,4437,線路沿い,120.0,171,60,231,3.32,1.236,4,4,4,本地宝（公式時刻の転載）
gz_21,21,subway,gz_shantian,gz_zhonggang,山田,钟岗,4988,4852,線路沿い,120.0,187,60,247,3.59,1.236,5,4,5,本地宝（公式時刻の転載）
gz_21,21,subway,gz_zhonggang,gz_zengchengguangchang,钟岗,增城广场,2313,2222,線路沿い,120.0,106,60,166,2.25,1.236,2,2,2,本地宝（公式時刻の転載）
gz_22,22,subway,gz_fangcun,gz_xilang,芳村,西塱,3842,3670,線路沿い,160.0,136,60,196,2.84,1.333,,0,3.79,実測（本地宝（公式時刻の転載）、6/7 区間）
gz_22,22,subway,gz_xilang,gz_nanjiao,西塱,南漖,2890,2397,線路沿い,160.0,114,60,174,2.48,1.333,3.33,3,3.33,本地宝（公式時刻の転載）
gz_22,22,subway,gz_nanjiao,gz_nanpuxi,南漖,南浦西,2042,1817,線路沿い,160.0,95,60,155,2.11,1.333,2.67,3,2.67,本地宝（公式時刻の転載）
gz_22,22,subway,gz_nanpuxi,gz_chentougang,南浦西,陈头岗,3258,2830,線路沿い,160.0,123,60,183,2.62,1.333,3,1,3,本地宝（公式時刻の転載）
gz_22,22,subway,gz_chentougang,gz_guangzhounanzhan,陈头岗,广州南站,3182,2724,線路沿い,160.0,121,60,181,2.59,1.333,3,2,3,本地宝（公式時刻の転載）
gz_22,22,subway,gz_guangzhounanzhan,gz_shiguanglu,广州南站,市广路,7509,7139,線路沿い,160.0,218,60,278,4.22,1.333,7,3,7,本地宝（公式時刻の転載）
gz_22,22,subway,gz_shiguanglu,gz_panyuguangchang,市广路,番禺广场,6856,6306,線路沿い,160.0,204,60,264,3.97,1.333,5,1,5,本地宝（公式時刻の転載）
gz_apm,APM,light_rail,gz_linhexi,gz_tiyuzhongxinnan,林和西,体育中心南,744,708,線路沿い,55.0,69,25,94,1.57,0.944,1.5,2,1.5,本地宝（公式時刻の転載）
gz_apm,APM,light_rail,gz_tiyuzhongxinnan,gz_tianhenan,体育中心南,天河南,402,314,線路沿い,55.0,45,25,70,1.17,0.944,1,4,1,本地宝（公式時刻の転載）
gz_apm,APM,light_rail,gz_tianhenan,gz_huangpudadao,天河南,黄埔大道,531,530,線路沿い,55.0,54,25,79,1.32,0.944,1.5,4,1.5,本地宝（公式時刻の転載）
gz_apm,APM,light_rail,gz_huangpudadao,gz_fuerzhongxin,黄埔大道,妇儿中心,469,427,線路沿い,55.0,49,25,74,1.23,0.944,1.25,4,1.25,本地宝（公式時刻の転載）
gz_apm,APM,light_rail,gz_fuerzhongxin,gz_huachengdadao,妇儿中心,花城大道,418,414,線路沿い,55.0,46,25,71,1.18,0.944,1.25,4,1.25,本地宝（公式時刻の転載）
gz_apm,APM,light_rail,gz_huachengdadao,gz_dajuyuan,花城大道,大剧院,434,370,線路沿い,55.0,47,25,72,1.2,0.944,1,4,1,本地宝（公式時刻の転載）
gz_apm,APM,light_rail,gz_dajuyuan,gz_haixinsha,大剧院,海心沙,494,493,線路沿い,55.0,51,25,76,1.27,0.944,1.25,4,1.25,本地宝（公式時刻の転載）
gz_apm,APM,light_rail,gz_haixinsha,gz_guangzhouta,海心沙,广州塔,607,510,線路沿い,55.0,59,25,84,1.4,0.944,1,2,1,本地宝（公式時刻の転載）
gz_gf,GF,subway,gz_lijiao,gz_nanzhou,沥滘,南洲,2517,2443,線路沿い,80.0,138,60,198,2.67,1.185,2,1,2,本地宝（公式時刻の転載）
gz_gf,GF,subway,gz_nanzhou,gz_shixi,南洲,石溪,1285,1274,線路沿い,80.0,83,60,143,1.75,1.185,2.67,3,2.67,本地宝（公式時刻の転載）
gz_gf,GF,subway,gz_shixi,gz_yangang,石溪,燕岗,1805,1767,線路沿い,80.0,106,60,166,2.14,1.185,2,3,2,本地宝（公式時刻の転載）
gz_gf,GF,subway,gz_yangang,gz_shayuan,燕岗,沙园,1798,1756,線路沿い,80.0,106,60,166,2.13,1.185,2.67,3,2.67,本地宝（公式時刻の転載）
gz_gf,GF,subway,gz_shayuan,gz_shachong,沙园,沙涌,1829,1482,線路沿い,80.0,107,60,167,2.16,1.185,2.67,3,2.67,本地宝（公式時刻の転載）
gz_gf,GF,subway,gz_shachong,gz_hedong,沙涌,鹤洞,1605,1401,線路沿い,80.0,97,60,157,1.99,1.185,2.67,3,2.67,本地宝（公式時刻の転載）
gz_gf,GF,subway,gz_hedong,gz_xilang,鹤洞,西塱,1264,1158,線路沿い,80.0,82,60,142,1.73,1.185,2,3,2,本地宝（公式時刻の転載）
gz_gf,GF,subway,gz_xilang,gz_jushu,西塱,菊树,1948,1929,線路沿い,80.0,112,60,172,2.24,1.185,2.67,3,2.67,本地宝（公式時刻の転載）
gz_gf,GF,subway,gz_jushu,gz_longxi,菊树,龙溪,2170,2128,線路沿い,80.0,122,60,182,2.41,1.185,3,3,3,本地宝（公式時刻の転載）
gz_gf,GF,subway,gz_longxi,gz_jinronggaoxinqu,龙溪,金融高新区,3477,3459,線路沿い,80.0,181,60,241,3.39,1.185,4,3,4,本地宝（公式時刻の転載）
gz_gf,GF,subway,gz_jinronggaoxinqu,gz_qiandenghu,金融高新区,千灯湖,1448,1272,線路沿い,80.0,90,60,150,1.87,1.185,1.67,3,1.67,本地宝（公式時刻の転載）
gz_gf,GF,subway,gz_qiandenghu,gz_leigang,千灯湖,𧒽岗,1429,1370,線路沿い,80.0,89,60,149,1.86,1.185,2.67,3,2.67,本地宝（公式時刻の転載）
gz_gf,GF,subway,gz_leigang,gz_nanguilu,𧒽岗,南桂路,1005,948,線路沿い,80.0,70,60,130,1.54,1.185,2,4,2,本地宝（公式時刻の転載）
gz_gf,GF,subway,gz_nanguilu,gz_guicheng,南桂路,桂城,1353,1325,線路沿い,80.0,86,60,146,1.8,1.185,2,4,2,本地宝（公式時刻の転載）
gz_gf,GF,subway,gz_guicheng,gz_chaoan,桂城,朝安,1025,962,線路沿い,80.0,71,60,131,1.55,1.185,2.25,4,2.25,本地宝（公式時刻の転載）
gz_gf,GF,subway,gz_chaoan,gz_pujunbeilu,朝安,普君北路,1126,1017,線路沿い,80.0,75,60,135,1.63,1.185,2,4,2,本地宝（公式時刻の転載）
gz_gf,GF,subway,gz_pujunbeilu,gz_zumiao,普君北路,祖庙,1176,1140,線路沿い,80.0,78,60,138,1.67,1.185,2,3,2,本地宝（公式時刻の転載）
gz_gf,GF,subway,gz_zumiao,gz_tongjilu,祖庙,同济路,1160,957,線路沿い,80.0,77,60,137,1.65,1.185,2.33,3,2.33,本地宝（公式時刻の転載）
gz_gf,GF,subway,gz_tongjilu,gz_jihuayuan,同济路,季华园,1334,1334,線路沿い,80.0,85,60,145,1.78,1.185,2.25,4,2.25,本地宝（公式時刻の転載）
gz_gf,GF,subway,gz_jihuayuan,gz_kuiqilu,季华园,魁奇路,1517,1501,線路沿い,80.0,93,60,153,1.92,1.185,1.5,4,1.5,本地宝（公式時刻の転載）
gz_gf,GF,subway,gz_kuiqilu,gz_lanshi,魁奇路,澜石,1077,1069,線路沿い,80.0,73,60,133,1.59,1.185,2,3,2,本地宝（公式時刻の転載）
gz_gf,GF,subway,gz_lanshi,gz_shijilian,澜石,世纪莲,2888,2247,線路沿い,80.0,155,60,215,2.95,1.185,3.75,4,3.75,本地宝（公式時刻の転載）
gz_gf,GF,subway,gz_shijilian,gz_dongping,世纪莲,东平,1400,1400,線路沿い,80.0,88,60,148,1.83,1.185,2.25,4,2.25,本地宝（公式時刻の転載）
gz_gf,GF,subway,gz_dongping,gz_xinchengdong,东平,新城东,1437,1346,線路沿い,80.0,89,60,149,1.86,1.185,2,1,2,本地宝（公式時刻の転載）
