from,to,from_name,to_name,n,median_min,fastest_min
hsr_guangzhounanzhan,hsr_nanshabeizhan,广州南,南沙北,24,13.0,13
hsr_nanshabeizhan,hsr_guangzhounanzhan,南沙北,广州南,26,13.0,13
hsr_guangzhounanzhan,hsr_humenzhan,广州南,虎门,99,17,17
hsr_humenzhan,hsr_guangzhounanzhan,虎门,广州南,108,17.0,17
hsr_guangzhounanzhan,hsr_guangmingchengzhan,广州南,光明城,18,29.0,25
hsr_guangmingchengzhan,hsr_guangzhounanzhan,光明城,广州南,15,32,25
hsr_guangzhounanzhan,hsr_shenzhenbeizhan,广州南,深圳北,167,37,29
hsr_shenzhenbeizhan,hsr_guangzhounanzhan,深圳北,广州南,153,36,29
hsr_guangzhounanzhan,hsr_futianzhan,广州南,福田,14,49.5,43
hsr_futianzhan,hsr_guangzhounanzhan,福田,广州南,19,48,41
hsr_guangzhounanzhan,hsr_hongkongwestkowloon,广州南,香港西九龙,38,62.0,47
hsr_hongkongwestkowloon,hsr_guangzhounanzhan,香港西九龙,广州南,37,59,48
hsr_nanshabeizhan,hsr_humenzhan,南沙北,虎门,6,9.0,9
hsr_humenzhan,hsr_nanshabeizhan,虎门,南沙北,19,9,9
hsr_nanshabeizhan,hsr_guangmingchengzhan,南沙北,光明城,5,17,17
hsr_guangmingchengzhan,hsr_nanshabeizhan,光明城,南沙北,3,24,17
hsr_nanshabeizhan,hsr_shenzhenbeizhan,南沙北,深圳北,24,24.0,21
hsr_shenzhenbeizhan,hsr_nanshabeizhan,深圳北,南沙北,26,28.5,21
hsr_nanshabeizhan,hsr_futianzhan,南沙北,福田,1,41,41
hsr_futianzhan,hsr_nanshabeizhan,福田,南沙北,3,44,36
hsr_nanshabeizhan,hsr_hongkongwestkowloon,南沙北,香港西九龙,8,50.0,44
hsr_hongkongwestkowloon,hsr_nanshabeizhan,香港西九龙,南沙北,7,50,42
hsr_humenzhan,hsr_guangmingchengzhan,虎门,光明城,4,13.0,13
hsr_guangmingchengzhan,hsr_humenzhan,光明城,虎门,8,13.0,13
hsr_humenzhan,hsr_shenzhenbeizhan,虎门,深圳北,99,17,16
hsr_shenzhenbeizhan,hsr_humenzhan,深圳北,虎门,107,17,17
hsr_humenzhan,hsr_futianzhan,虎门,福田,11,30,28
hsr_futianzhan,hsr_humenzhan,福田,虎门,12,32.0,28
hsr_humenzhan,hsr_hongkongwestkowloon,虎门,香港西九龙,18,45.0,38
hsr_hongkongwestkowloon,hsr_humenzhan,香港西九龙,虎门,20,45.0,38
hsr_guangmingchengzhan,hsr_shenzhenbeizhan,光明城,深圳北,40,13.5,10
hsr_shenzhenbeizhan,hsr_guangmingchengzhan,深圳北,光明城,25,10,9
hsr_guangmingchengzhan,hsr_futianzhan,光明城,福田,13,29,21
hsr_futianzhan,hsr_guangmingchengzhan,福田,光明城,8,25.5,20
hsr_guangmingchengzhan,hsr_hongkongwestkowloon,光明城,香港西九龙,10,37.0,32
hsr_hongkongwestkowloon,hsr_guangmingchengzhan,香港西九龙,光明城,6,37.0,34
hsr_shenzhenbeizhan,hsr_futianzhan,深圳北,福田,72,8.0,8
hsr_futianzhan,hsr_shenzhenbeizhan,福田,深圳北,67,8,8
hsr_shenzhenbeizhan,hsr_hongkongwestkowloon,深圳北,香港西九龙,88,20.5,18
hsr_hongkongwestkowloon,hsr_shenzhenbeizhan,香港西九龙,深圳北,87,19,18
hsr_futianzhan,hsr_hongkongwestkowloon,福田,香港西九龙,60,14.0,14
hsr_hongkongwestkowloon,hsr_futianzhan,香港西九龙,福田,52,14.0,14
hsr_guangzhouzhan,hsr_guangzhoudongzhan,广州,广州东,51,9,9
hsr_guangzhoudongzhan,hsr_guangzhouzhan,广州东,广州,43,9,9
hsr_guangzhouzhan,hsr_guangzhouxintangzhan,广州,广州新塘,52,29.0,24
hsr_guangzhouxintangzhan,hsr_guangzhouzhan,广州新塘,广州,47,30,24
hsr_guangzhouzhan,hsr_dongguanzhan,广州,东莞,35,42,36
hsr_dongguanzhan,hsr_guangzhouzhan,东莞,广州,26,42.0,36
hsr_guangzhouzhan,hsr_changpingzhan,广州,常平,26,53.0,45
hsr_changpingzhan,hsr_guangzhouzhan,常平,广州,16,53.5,50
hsr_guangzhouzhan,hsr_zhangmutouzhan,广州,樟木头,14,62.0,51
hsr_zhangmutouzhan,hsr_guangzhouzhan,樟木头,广州,21,60,53
hsr_guangzhouzhan,hsr_pinghuzhan,广州,平湖,17,75,64
hsr_pinghuzhan,hsr_guangzhouzhan,平湖,广州,20,72.5,66
hsr_guangzhouzhan,hsr_shenzhendongzhan,广州,深圳东,2,120.5,96
hsr_shenzhendongzhan,hsr_guangzhouzhan,深圳东,广州,3,105,95
hsr_guangzhouzhan,hsr_shenzhenzhan,广州,深圳,48,81.5,69
hsr_shenzhenzhan,hsr_guangzhouzhan,深圳,广州,43,82,67
hsr_guangzhoudongzhan,hsr_guangzhouxintangzhan,广州东,广州新塘,109,15,14
hsr_guangzhouxintangzhan,hsr_guangzhoudongzhan,广州新塘,广州东,119,16,14
hsr_guangzhoudongzhan,hsr_dongguanzhan,广州东,东莞,68,30.0,26
hsr_dongguanzhan,hsr_guangzhoudongzhan,东莞,广州东,65,30,26
hsr_guangzhoudongzhan,hsr_changpingzhan,广州东,常平,58,41.0,33
hsr_changpingzhan,hsr_guangzhoudongzhan,常平,广州东,43,41,34
hsr_guangzhoudongzhan,hsr_zhangmutouzhan,广州东,樟木头,27,48,38
hsr_zhangmutouzhan,hsr_guangzhoudongzhan,樟木头,广州东,30,47.0,42
hsr_guangzhoudongzhan,hsr_pinghuzhan,广州东,平湖,25,59,51
hsr_pinghuzhan,hsr_guangzhoudongzhan,平湖,广州东,25,59,52
hsr_guangzhoudongzhan,hsr_shenzhenzhan,广州东,深圳,61,70,57
hsr_shenzhenzhan,hsr_guangzhoudongzhan,深圳,广州东,60,69.5,57
hsr_guangzhouxintangzhan,hsr_dongguanzhan,广州新塘,东莞,51,14,13
hsr_dongguanzhan,hsr_guangzhouxintangzhan,东莞,广州新塘,50,13.0,13
hsr_guangzhouxintangzhan,hsr_changpingzhan,广州新塘,常平,42,25.0,21
hsr_changpingzhan,hsr_guangzhouxintangzhan,常平,广州新塘,36,24.0,20
hsr_guangzhouxintangzhan,hsr_zhangmutouzhan,广州新塘,樟木头,18,34.0,30
hsr_zhangmutouzhan,hsr_guangzhouxintangzhan,樟木头,广州新塘,25,30,25
hsr_guangzhouxintangzhan,hsr_pinghuzhan,广州新塘,平湖,16,45.5,40
hsr_pinghuzhan,hsr_guangzhouxintangzhan,平湖,广州新塘,21,42,38
hsr_guangzhouxintangzhan,hsr_shenzhenzhan,广州新塘,深圳,35,56,49
hsr_shenzhenzhan,hsr_guangzhouxintangzhan,深圳,广州新塘,40,56.0,48
hsr_dongguanzhan,hsr_changpingzhan,东莞,常平,45,9,9
hsr_changpingzhan,hsr_dongguanzhan,常平,东莞,29,9,9
hsr_dongguanzhan,hsr_zhangmutouzhan,东莞,樟木头,23,18,14
hsr_zhangmutouzhan,hsr_dongguanzhan,樟木头,东莞,25,15,14
hsr_dongguanzhan,hsr_pinghuzhan,东莞,平湖,20,31.0,26
hsr_pinghuzhan,hsr_dongguanzhan,平湖,东莞,20,27.0,23
hsr_dongguanzhan,hsr_shenzhendongzhan,东莞,深圳东,5,58,38
hsr_shenzhendongzhan,hsr_dongguanzhan,深圳东,东莞,8,43.5,38
hsr_dongguanzhan,hsr_shenzhenzhan,东莞,深圳,44,42.0,33
hsr_shenzhenzhan,hsr_dongguanzhan,深圳,东莞,42,41.0,33
hsr_changpingzhan,hsr_zhangmutouzhan,常平,樟木头,18,7.0,6
hsr_zhangmutouzhan,hsr_changpingzhan,樟木头,常平,15,7,6
hsr_changpingzhan,hsr_pinghuzhan,常平,平湖,22,18.0,16
hsr_pinghuzhan,hsr_changpingzhan,平湖,常平,14,18.5,15
hsr_changpingzhan,hsr_shenzhenzhan,常平,深圳,36,30.5,26
hsr_shenzhenzhan,hsr_changpingzhan,深圳,常平,26,32.0,26
hsr_zhangmutouzhan,hsr_pinghuzhan,樟木头,平湖,13,11,11
hsr_pinghuzhan,hsr_zhangmutouzhan,平湖,樟木头,17,11,11
hsr_zhangmutouzhan,hsr_shenzhenzhan,樟木头,深圳,23,25,21
hsr_shenzhenzhan,hsr_zhangmutouzhan,深圳,樟木头,29,25,21
hsr_pinghuzhan,hsr_shenzhenzhan,平湖,深圳,25,12,12
hsr_shenzhenzhan,hsr_pinghuzhan,深圳,平湖,27,12,12
