line,ref,mode,from,to,from_name,to_name,dist_m,straight_m,method,vmax_kmh,run_s,dwell_s,time_s
sz_1,1,subway,sz_luohu,sz_guomao,罗湖,国贸,1071,1016,線路沿い,80.0,73,60,133
sz_1,1,subway,sz_guomao,sz_laojie,国贸,老街,718,629,線路沿い,80.0,57,60,117
sz_1,1,subway,sz_laojie,sz_dajuyuan,老街,大剧院,1014,905,線路沿い,80.0,70,60,130
sz_1,1,subway,sz_dajuyuan,sz_kexueguan,大剧院,科学馆,1306,1232,線路沿い,80.0,83,60,143
sz_1,1,subway,sz_kexueguan,sz_huaqianglu,科学馆,华强路,1144,1120,線路沿い,80.0,76,60,136
sz_1,1,subway,sz_huaqianglu,sz_gangxia,华强路,岗厦,1968,1841,線路沿い,80.0,113,60,173
sz_1,1,subway,sz_gangxia,sz_huizhanzhongxin,岗厦,会展中心,747,713,線路沿い,80.0,58,60,118
sz_1,1,subway,sz_huizhanzhongxin,sz_gouwugongyuan,会展中心,购物公园,819,790,線路沿い,80.0,62,60,122
sz_1,1,subway,sz_gouwugongyuan,sz_xiangmihu,购物公园,香蜜湖,1714,1593,線路沿い,80.0,102,60,162
sz_1,1,subway,sz_xiangmihu,sz_chegongmiao,香蜜湖,车公庙,1198,1146,線路沿い,80.0,79,60,139
sz_1,1,subway,sz_chegongmiao,sz_zhuzilin,车公庙,竹子林,1524,1447,線路沿い,80.0,93,60,153
sz_1,1,subway,sz_zhuzilin,sz_qiaochengdong,竹子林,侨城东,1851,1813,線路沿い,80.0,108,60,168
sz_1,1,subway,sz_qiaochengdong,sz_huaqiaocheng,侨城东,华侨城,1147,1128,線路沿い,80.0,76,60,136
sz_1,1,subway,sz_huaqiaocheng,sz_shijiezhichuang,华侨城,世界之窗,1221,1204,線路沿い,80.0,80,60,140
sz_1,1,subway,sz_shijiezhichuang,sz_baishizhou,世界之窗,白石洲,828,795,線路沿い,80.0,62,60,122
sz_1,1,subway,sz_baishizhou,sz_gaoxinyuan,白石洲,高新园,1395,1352,線路沿い,80.0,87,60,147
sz_1,1,subway,sz_gaoxinyuan,sz_shenda,高新园,深大,1216,988,線路沿い,80.0,79,60,139
sz_1,1,subway,sz_shenda,sz_taoyuan,深大,桃园,2358,2138,線路沿い,80.0,131,60,191
sz_1,1,subway,sz_taoyuan,sz_daxin,桃园,大新,985,984,線路沿い,80.0,69,60,129
sz_1,1,subway,sz_daxin,sz_liyumen,大新,鲤鱼门,1242,1217,線路沿い,80.0,81,60,141
sz_1,1,subway,sz_liyumen,sz_qianhaiwan,鲤鱼门,前海湾,1001,836,線路沿い,80.0,70,60,130
sz_1,1,subway,sz_qianhaiwan,sz_xinan,前海湾,新安,1297,1201,線路沿い,80.0,83,60,143
sz_1,1,subway,sz_xinan,sz_baoanzhongxin,新安,宝安中心,1108,1070,線路沿い,80.0,75,60,135
sz_1,1,subway,sz_baoanzhongxin,sz_baoti,宝安中心,宝体,934,862,線路沿い,80.0,67,60,127
sz_1,1,subway,sz_baoti,sz_pingzhou,宝体,坪洲,1465,1465,線路沿い,80.0,91,60,151
sz_1,1,subway,sz_pingzhou,sz_xixiang,坪洲,西乡,1200,1200,線路沿い,80.0,79,60,139
sz_1,1,subway,sz_xixiang,sz_gushu,西乡,固戍,3319,3172,線路沿い,80.0,174,60,234
sz_1,1,subway,sz_gushu,sz_hourui,固戍,后瑞,3340,3313,線路沿い,80.0,175,60,235
sz_1,1,subway,sz_hourui,sz_jichangdong,后瑞,机场东,2497,2427,線路沿い,80.0,137,60,197
sz_2,2,subway,sz_liantang,sz_xianhulu,莲塘,仙湖路,923,891,線路沿い,80.0,66,60,126
sz_2,2,subway,sz_xianhulu,sz_liantangkouan,仙湖路,莲塘口岸,2009,1654,線路沿い,80.0,115,60,175
sz_2,2,subway,sz_liantangkouan,sz_xinxiu,莲塘口岸,新秀,1016,874,線路沿い,80.0,70,60,130
sz_2,2,subway,sz_xinxiu,sz_huangbeiling,新秀,黄贝岭,1339,1316,線路沿い,80.0,85,60,145
sz_2,2,subway,sz_huangbeiling,sz_hubei,黄贝岭,湖贝,1314,1281,線路沿い,80.0,84,60,144
sz_2,2,subway,sz_hubei,sz_dajuyuan,湖贝,大剧院,1739,1702,線路沿い,80.0,103,60,163
sz_2,2,subway,sz_dajuyuan,sz_yannan,大剧院,燕南,1847,1669,線路沿い,80.0,108,60,168
sz_2,2,subway,sz_yannan,sz_huaqiangbei,燕南,华强北,625,579,線路沿い,80.0,53,60,113
sz_2,2,subway,sz_huaqiangbei,sz_gangxiabei,华强北,岗厦北,2077,1881,線路沿い,80.0,118,60,178
sz_2,2,subway,sz_gangxiabei,sz_shiminzhongxin,岗厦北,市民中心,839,751,線路沿い,80.0,62,60,122
sz_2,2,subway,sz_shiminzhongxin,sz_futian,市民中心,福田,850,832,線路沿い,80.0,63,60,123
sz_2,2,subway,sz_futian,sz_lianhuaxi,福田,莲花西,1101,836,線路沿い,80.0,74,60,134
sz_2,2,subway,sz_lianhuaxi,sz_jingtian,莲花西,景田,1494,978,線路沿い,80.0,92,60,152
sz_2,2,subway,sz_jingtian,sz_xiangmeibei,景田,香梅北,1210,1097,線路沿い,80.0,79,60,139
sz_2,2,subway,sz_xiangmeibei,sz_xiangmi,香梅北,香蜜,970,952,線路沿い,80.0,68,60,128
sz_2,2,subway,sz_xiangmi,sz_qiaoxiang,香蜜,侨香,1041,1018,線路沿い,80.0,72,60,132
sz_2,2,subway,sz_qiaoxiang,sz_antuoshan,侨香,安托山,858,835,線路沿い,80.0,63,60,123
sz_2,2,subway,sz_antuoshan,sz_shenkang,安托山,深康,931,823,線路沿い,80.0,67,60,127
sz_2,2,subway,sz_shenkang,sz_qiaochengbei,深康,侨城北,1241,1020,線路沿い,80.0,81,60,141
sz_2,2,subway,sz_qiaochengbei,sz_shijiezhichuang,侨城北,世界之窗,1984,1709,線路沿い,80.0,114,60,174
sz_2,2,subway,sz_shijiezhichuang,sz_hongshuwan,世界之窗,红树湾,1702,1455,線路沿い,80.0,101,60,161
sz_2,2,subway,sz_hongshuwan,sz_keyuan,红树湾,科苑,2352,2290,線路沿い,80.0,131,60,191
sz_2,2,subway,sz_keyuan,sz_houhai,科苑,后海,1414,1066,線路沿い,80.0,88,60,148
sz_2,2,subway,sz_houhai,sz_dengliang,后海,登良,1279,1112,線路沿い,80.0,82,60,142
sz_2,2,subway,sz_dengliang,sz_haiyue,登良,海月,1012,975,線路沿い,80.0,70,60,130
sz_2,2,subway,sz_haiyue,sz_wanxia,海月,湾厦,744,742,線路沿い,80.0,58,60,118
sz_2,2,subway,sz_wanxia,sz_dongjiaotou,湾厦,东角头,1480,1093,線路沿い,80.0,91,60,151
sz_2,2,subway,sz_dongjiaotou,sz_shuiwan,东角头,水湾,1240,1220,線路沿い,80.0,80,60,140
sz_2,2,subway,sz_shuiwan,sz_haishangshijie,水湾,海上世界,797,668,線路沿い,80.0,61,60,121
sz_2,2,subway,sz_haishangshijie,sz_shekougang,海上世界,蛇口港,1084,952,線路沿い,80.0,73,60,133
sz_2,2,subway,sz_shekougang,sz_chiwan,蛇口港,赤湾,1838,1549,線路沿い,80.0,107,60,167
sz_3,3,subway,sz_fubao,sz_yitian,福保,益田,1610,1020,線路沿い,100.0,89,60,149
sz_3,3,subway,sz_yitian,sz_shixia,益田,石厦,852,836,線路沿い,100.0,62,60,122
sz_3,3,subway,sz_shixia,sz_gouwugongyuan,石厦,购物公园,1328,1244,線路沿い,100.0,79,60,139
sz_3,3,subway,sz_gouwugongyuan,sz_futian,购物公园,福田,688,633,線路沿い,100.0,55,60,115
sz_3,3,subway,sz_futian,sz_shaoniangong,福田,少年宫,1838,1202,線路沿い,100.0,97,60,157
sz_3,3,subway,sz_shaoniangong,sz_lianhuacun,少年宫,莲花村,819,732,線路沿い,100.0,60,60,120
sz_3,3,subway,sz_lianhuacun,sz_huaxin,莲花村,华新,1958,1945,線路沿い,100.0,101,60,161
sz_3,3,subway,sz_huaxin,sz_tongxinling,华新,通新岭,996,961,線路沿い,100.0,67,60,127
sz_3,3,subway,sz_tongxinling,sz_hongling,通新岭,红岭,877,859,線路沿い,100.0,62,60,122
sz_3,3,subway,sz_hongling,sz_laojie,红岭,老街,1374,1267,線路沿い,100.0,80,60,140
sz_3,3,subway,sz_laojie,sz_shaibu,老街,晒布,1034,878,線路沿い,100.0,68,60,128
sz_3,3,subway,sz_shaibu,sz_cuizhu,晒布,翠竹,1077,1048,線路沿い,100.0,70,60,130
sz_3,3,subway,sz_cuizhu,sz_tianbei,翠竹,田贝,1592,1233,線路沿い,100.0,88,60,148
sz_3,3,subway,sz_tianbei,sz_shuibei,田贝,水贝,1121,946,線路沿い,100.0,71,60,131
sz_3,3,subway,sz_shuibei,sz_caopu,水贝,草埔,1537,1410,線路沿い,100.0,86,60,146
sz_3,3,subway,sz_caopu,sz_buji,草埔,布吉,2279,2031,線路沿い,100.0,113,60,173
sz_3,3,subway,sz_buji,sz_mumianwan,布吉,木棉湾,1080,1044,線路沿い,100.0,70,60,130
sz_3,3,subway,sz_mumianwan,sz_dafen,木棉湾,大芬,1209,1154,線路沿い,100.0,74,60,134
sz_3,3,subway,sz_dafen,sz_danzhutou,大芬,丹竹头,1274,1168,線路沿い,100.0,77,60,137
sz_3,3,subway,sz_danzhutou,sz_liuyue,丹竹头,六约,3935,3726,線路沿い,100.0,173,60,233
sz_3,3,subway,sz_liuyue,sz_tangkeng,六约,塘坑,1387,1364,線路沿い,100.0,81,60,141
sz_3,3,subway,sz_tangkeng,sz_henggang,塘坑,横岗,2000,1960,線路沿い,100.0,103,60,163
sz_3,3,subway,sz_henggang,sz_yonghu,横岗,永湖,1514,1500,線路沿い,100.0,85,60,145
sz_3,3,subway,sz_yonghu,sz_heao,永湖,荷坳,1734,1691,線路沿い,100.0,93,60,153
sz_3,3,subway,sz_heao,sz_dayun,荷坳,大运,1493,1455,線路沿い,100.0,85,60,145
sz_3,3,subway,sz_dayun,sz_ailian,大运,爱联,1507,1470,線路沿い,100.0,85,60,145
sz_3,3,subway,sz_ailian,sz_jixiang,爱联,吉祥,1732,1681,線路沿い,100.0,93,60,153
sz_3,3,subway,sz_jixiang,sz_longchengguangchang,吉祥,龙城广场,1414,1342,線路沿い,100.0,82,60,142
sz_3,3,subway,sz_longchengguangchang,sz_nanlian,龙城广场,南联,1259,1254,線路沿い,100.0,76,60,136
sz_3,3,subway,sz_nanlian,sz_shuanglong,南联,双龙,1480,1440,線路沿い,100.0,84,60,144
sz_3,3,subway,sz_shuanglong,sz_liyuan,双龙,梨园,873,761,線路沿い,100.0,62,60,122
sz_3,3,subway,sz_liyuan,sz_xinsheng,梨园,新生,1559,1507,線路沿い,100.0,87,60,147
sz_3,3,subway,sz_xinsheng,sz_pingxi,新生,坪西,1763,1677,線路沿い,100.0,94,60,154
sz_3,3,subway,sz_pingxi,sz_ditancheng,坪西,低碳城,1242,1181,線路沿い,100.0,76,60,136
sz_3,3,subway,sz_ditancheng,sz_baishitang,低碳城,白石塘,1466,1400,線路沿い,100.0,84,60,144
sz_3,3,subway,sz_baishitang,sz_fuping,白石塘,富坪,990,990,線路沿い,100.0,67,60,127
sz_3,3,subway,sz_fuping,sz_pingdiliulian,富坪,坪地六联,1433,1390,線路沿い,100.0,82,60,142
sz_4,4,subway,sz_futiankouan,sz_fumin,福田口岸,福民,1153,895,線路沿い,80.0,77,60,137
sz_4,4,subway,sz_fumin,sz_huizhanzhongxin,福民,会展中心,1494,1350,線路沿い,80.0,92,60,152
sz_4,4,subway,sz_huizhanzhongxin,sz_shiminzhongxin,会展中心,市民中心,758,695,線路沿い,80.0,59,60,119
sz_4,4,subway,sz_shiminzhongxin,sz_shaoniangong,市民中心,少年宫,865,830,線路沿い,80.0,64,60,124
sz_4,4,subway,sz_shaoniangong,sz_lianhuabei,少年宫,莲花北,1436,1385,線路沿い,80.0,89,60,149
sz_4,4,subway,sz_lianhuabei,sz_shangmeilin,莲花北,上梅林,940,901,線路沿い,80.0,67,60,127
sz_4,4,subway,sz_shangmeilin,sz_minle,上梅林,民乐,3181,3045,線路沿い,80.0,168,60,228
sz_4,4,subway,sz_minle,sz_baishilong,民乐,白石龙,1024,1021,線路沿い,80.0,71,60,131
sz_4,4,subway,sz_baishilong,sz_shenzhenbeizhan,白石龙,深圳北站,1674,1596,線路沿い,80.0,100,60,160
sz_4,4,subway,sz_shenzhenbeizhan,sz_hongshan,深圳北站,红山,1480,1457,線路沿い,80.0,91,60,151
sz_4,4,subway,sz_hongshan,sz_shangtang,红山,上塘,2046,2007,線路沿い,80.0,117,60,177
sz_4,4,subway,sz_shangtang,sz_longsheng,上塘,龙胜,1058,839,線路沿い,80.0,72,60,132
sz_4,4,subway,sz_longsheng,sz_longhua,龙胜,龙华,1307,1306,線路沿い,80.0,84,60,144
sz_4,4,subway,sz_longhua,sz_qinghu,龙华,清湖,2163,2082,線路沿い,80.0,122,60,182
sz_4,4,subway,sz_qinghu,sz_qinghubei,清湖,清湖北,916,916,線路沿い,80.0,66,60,126
sz_4,4,subway,sz_qinghubei,sz_zhucun,清湖北,竹村,1847,1621,線路沿い,80.0,108,60,168
sz_4,4,subway,sz_zhucun,sz_xikeng,竹村,茜坑,1326,1243,線路沿い,80.0,84,60,144
sz_4,4,subway,sz_xikeng,sz_changhu,茜坑,长湖,1468,1467,線路沿い,80.0,91,60,151
sz_4,4,subway,sz_changhu,sz_guanlan,长湖,观澜,1287,1165,線路沿い,80.0,83,60,143
sz_4,4,subway,sz_guanlan,sz_songyuanxia,观澜,松元厦,1246,1194,線路沿い,80.0,81,60,141
sz_4,4,subway,sz_songyuanxia,sz_guanlanhu,松元厦,观澜湖,1258,1216,線路沿い,80.0,81,60,141
sz_4,4,subway,sz_guanlanhu,sz_niuhu,观澜湖,牛湖,1211,1153,線路沿い,80.0,79,60,139
sz_5,5,subway,sz_chiwan,sz_liwan,赤湾,荔湾,2582,2144,線路沿い,80.0,141,60,201
sz_5,5,subway,sz_liwan,sz_tielugongyuan,荔湾,铁路公园,627,555,線路沿い,80.0,53,60,113
sz_5,5,subway,sz_tielugongyuan,sz_mawan,铁路公园,妈湾,825,792,線路沿い,80.0,62,60,122
sz_5,5,subway,sz_mawan,sz_qianwangongyuan,妈湾,前湾公园,1255,1070,線路沿い,80.0,81,60,141
sz_5,5,subway,sz_qianwangongyuan,sz_qianwan,前湾公园,前湾,824,774,線路沿い,80.0,62,60,122
sz_5,5,subway,sz_qianwan,sz_guiwan,前湾,桂湾,1135,1091,線路沿い,80.0,76,60,136
sz_5,5,subway,sz_guiwan,sz_qianhaiwan,桂湾,前海湾,691,654,線路沿い,80.0,56,60,116
sz_5,5,subway,sz_qianhaiwan,sz_linhai,前海湾,临海,1391,1158,線路沿い,80.0,87,60,147
sz_5,5,subway,sz_linhai,sz_baohua,临海,宝华,867,741,線路沿い,80.0,64,60,124
sz_5,5,subway,sz_baohua,sz_baoanzhongxin,宝华,宝安中心,681,591,線路沿い,80.0,55,60,115
sz_5,5,subway,sz_baoanzhongxin,sz_fanshen,宝安中心,翻身,901,864,線路沿い,80.0,65,60,125
sz_5,5,subway,sz_fanshen,sz_lingzhi,翻身,灵芝,1506,1502,線路沿い,80.0,92,60,152
sz_5,5,subway,sz_lingzhi,sz_honglangbei,灵芝,洪浪北,932,920,線路沿い,80.0,67,60,127
sz_5,5,subway,sz_honglangbei,sz_xingdong,洪浪北,兴东,1178,1154,線路沿い,80.0,78,60,138
sz_5,5,subway,sz_xingdong,sz_liuxiandong,兴东,留仙洞,2651,2572,線路沿い,80.0,144,60,204
sz_5,5,subway,sz_liuxiandong,sz_xili,留仙洞,西丽,1124,1060,線路沿い,80.0,75,60,135
sz_5,5,subway,sz_xili,sz_daxuecheng,西丽,大学城,1189,1130,線路沿い,80.0,78,60,138
sz_5,5,subway,sz_daxuecheng,sz_tanglang,大学城,塘朗,3757,3645,線路沿い,80.0,194,60,254
sz_5,5,subway,sz_tanglang,sz_changlingbei,塘朗,长岭陂,1561,1512,線路沿い,80.0,95,60,155
sz_5,5,subway,sz_changlingbei,sz_shenzhenbeizhan,长岭陂,深圳北站,2519,2360,線路沿い,80.0,138,60,198
sz_5,5,subway,sz_shenzhenbeizhan,sz_minzhi,深圳北站,民治,1424,1385,線路沿い,80.0,89,60,149
sz_5,5,subway,sz_minzhi,sz_wuhe,民治,五和,2316,2242,線路沿い,80.0,129,60,189
sz_5,5,subway,sz_wuhe,sz_bantian,五和,坂田,1026,970,線路沿い,80.0,71,60,131
sz_5,5,subway,sz_bantian,sz_yangmei,坂田,杨美,1070,1032,線路沿い,80.0,73,60,133
sz_5,5,subway,sz_yangmei,sz_shangshuijing,杨美,上水径,2613,2613,線路沿い,80.0,142,60,202
sz_5,5,subway,sz_shangshuijing,sz_xiashuijing,上水径,下水径,1078,987,線路沿い,80.0,73,60,133
sz_5,5,subway,sz_xiashuijing,sz_changlong,下水径,长龙,796,773,線路沿い,80.0,61,60,121
sz_5,5,subway,sz_changlong,sz_buji,长龙,布吉,1250,1118,線路沿い,80.0,81,60,141
sz_5,5,subway,sz_buji,sz_baigelong,布吉,百鸽笼,1561,1201,線路沿い,80.0,95,60,155
sz_5,5,subway,sz_baigelong,sz_buxin,百鸽笼,布心,1762,1724,線路沿い,80.0,104,60,164
sz_5,5,subway,sz_buxin,sz_taian,布心,太安,776,739,線路沿い,80.0,60,60,120
sz_5,5,subway,sz_taian,sz_yijing,太安,怡景,2242,2048,線路沿い,80.0,126,60,186
sz_5,5,subway,sz_yijing,sz_huangbeiling,怡景,黄贝岭,1737,1160,線路沿い,80.0,103,60,163
sz_5,5,subway,sz_huangbeiling,sz_hubei,黄贝岭,湖贝,1324,1281,線路沿い,80.0,84,60,144
sz_5,5,subway,sz_hubei,sz_dongmen,湖贝,东门,755,753,線路沿い,80.0,59,60,119
sz_5,5,subway,sz_dongmen,sz_dajuyuan,东门,大剧院,963,950,線路沿い,80.0,68,60,128
sz_6,6,subway,sz_songgang,sz_xitou,松岗,溪头,838,837,線路沿い,100.0,61,60,121
sz_6,6,subway,sz_xitou,sz_songganggongyuan,溪头,松岗公园,1390,1370,線路沿い,100.0,81,60,141
sz_6,6,subway,sz_songganggongyuan,sz_shutianpu,松岗公园,薯田埔,1975,1910,線路沿い,100.0,102,60,162
sz_6,6,subway,sz_shutianpu,sz_heshuikou,薯田埔,合水口,1426,1344,線路沿い,100.0,82,60,142
sz_6,6,subway,sz_heshuikou,sz_gongmingguangchang,合水口,公明广场,1353,1300,線路沿い,100.0,80,60,140
sz_6,6,subway,sz_gongmingguangchang,sz_honghuashan,公明广场,红花山,1552,1445,線路沿い,100.0,87,60,147
sz_6,6,subway,sz_honghuashan,sz_loucun,红花山,楼村,1754,1725,線路沿い,100.0,94,60,154
sz_6,6,subway,sz_loucun,sz_kexuegongyuan,楼村,科学公园,1201,1109,線路沿い,100.0,74,60,134
sz_6,6,subway,sz_kexuegongyuan,sz_guangming,科学公园,光明,1595,1299,線路沿い,100.0,88,60,148
sz_6,6,subway,sz_guangming,sz_guangmingdajie,光明,光明大街,1212,1113,線路沿い,100.0,74,60,134
sz_6,6,subway,sz_guangmingdajie,sz_fenghuangcheng,光明大街,凤凰城,1863,1815,線路沿い,100.0,98,60,158
sz_6,6,subway,sz_fenghuangcheng,sz_changzhen,凤凰城,长圳,2731,2443,線路沿い,100.0,129,60,189
sz_6,6,subway,sz_changzhen,sz_shangwu,长圳,上屋,4539,4284,線路沿い,100.0,194,60,254
sz_6,6,subway,sz_shangwu,sz_guantian,上屋,官田,1357,1215,線路沿い,100.0,80,60,140
sz_6,6,subway,sz_guantian,sz_yangtaishandong,官田,阳台山东,4742,4618,線路沿い,100.0,202,60,262
sz_6,6,subway,sz_yangtaishandong,sz_yuanfen,阳台山东,元芬,1991,1898,線路沿い,100.0,103,60,163
sz_6,6,subway,sz_yuanfen,sz_shangfen,元芬,上芬,2114,2114,線路沿い,100.0,107,60,167
sz_6,6,subway,sz_shangfen,sz_hongshan,上芬,红山,2384,2191,線路沿い,100.0,117,60,177
sz_6,6,subway,sz_hongshan,sz_shenzhenbeizhan,红山,深圳北站,1524,1457,線路沿い,100.0,86,60,146
sz_6,6,subway,sz_shenzhenbeizhan,sz_meilinguan,深圳北站,梅林关,3259,2936,線路沿い,100.0,148,60,208
sz_6,6,subway,sz_meilinguan,sz_hanling,梅林关,翰岭,2836,2769,線路沿い,100.0,133,60,193
sz_6,6,subway,sz_hanling,sz_yinhu,翰岭,银湖,2375,2197,線路沿い,100.0,116,60,176
sz_6,6,subway,sz_yinhu,sz_bagualing,银湖,八卦岭,1009,949,線路沿い,100.0,67,60,127
sz_6,6,subway,sz_bagualing,sz_tiyuzhongxin,八卦岭,体育中心,823,764,線路沿い,100.0,60,60,120
sz_6,6,subway,sz_tiyuzhongxin,sz_tongxinling,体育中心,通新岭,654,619,線路沿い,100.0,54,60,114
sz_6,6,subway,sz_tongxinling,sz_kexueguan,通新岭,科学馆,1023,982,線路沿い,100.0,68,60,128
sz_7,7,subway,sz_shendalihu,sz_beida,深大丽湖,北大,1184,1027,線路沿い,80.0,78,60,138
sz_7,7,subway,sz_beida,sz_xilihu,北大,西丽湖,1361,1333,線路沿い,80.0,86,60,146
sz_7,7,subway,sz_xilihu,sz_xili,西丽湖,西丽,2015,1831,線路沿い,80.0,115,60,175
sz_7,7,subway,sz_xili,sz_chaguang,西丽,茶光,765,737,線路沿い,80.0,59,60,119
sz_7,7,subway,sz_chaguang,sz_zhuguang,茶光,珠光,1089,907,線路沿い,80.0,74,60,134
sz_7,7,subway,sz_zhuguang,sz_longjing,珠光,龙井,1544,1512,線路沿い,80.0,94,60,154
sz_7,7,subway,sz_longjing,sz_taoyuancun,龙井,桃源村,945,880,線路沿い,80.0,67,60,127
sz_7,7,subway,sz_taoyuancun,sz_shenyun,桃源村,深云,1313,1281,線路沿い,80.0,84,60,144
sz_7,7,subway,sz_shenyun,sz_antuoshan,深云,安托山,1884,1539,線路沿い,80.0,109,60,169
sz_7,7,subway,sz_antuoshan,sz_nonglin,安托山,农林,1996,1538,線路沿い,80.0,115,60,175
sz_7,7,subway,sz_nonglin,sz_chegongmiao,农林,车公庙,1563,1093,線路沿い,80.0,95,60,155
sz_7,7,subway,sz_chegongmiao,sz_shangsha,车公庙,上沙,1597,1535,線路沿い,80.0,97,60,157
sz_7,7,subway,sz_shangsha,sz_shawei,上沙,沙尾,864,835,線路沿い,80.0,64,60,124
sz_7,7,subway,sz_shawei,sz_shixia,沙尾,石厦,1391,1162,線路沿い,80.0,87,60,147
sz_7,7,subway,sz_shixia,sz_huanggangcun,石厦,皇岗村,615,559,線路沿い,80.0,52,60,112
sz_7,7,subway,sz_huanggangcun,sz_fumin,皇岗村,福民,829,757,線路沿い,80.0,62,60,122
sz_7,7,subway,sz_fumin,sz_huanggangkouan,福民,皇岗口岸,939,821,線路沿い,80.0,67,60,127
sz_7,7,subway,sz_huanggangkouan,sz_chiwei,皇岗口岸,赤尾,1942,1532,線路沿い,80.0,112,60,172
sz_7,7,subway,sz_chiwei,sz_huaqiangnan,赤尾,华强南,790,740,線路沿い,80.0,60,60,120
sz_7,7,subway,sz_huaqiangnan,sz_huaqiangbei,华强南,华强北,752,697,線路沿い,80.0,59,60,119
sz_7,7,subway,sz_huaqiangbei,sz_huaxin,华强北,华新,618,561,線路沿い,80.0,53,60,113
sz_7,7,subway,sz_huaxin,sz_huangmugang,华新,黄木岗,838,771,線路沿い,80.0,62,60,122
sz_7,7,subway,sz_huangmugang,sz_bagualing,黄木岗,八卦岭,1118,934,線路沿い,80.0,75,60,135
sz_7,7,subway,sz_bagualing,sz_honglingbei,八卦岭,红岭北,1145,1071,線路沿い,80.0,76,60,136
sz_7,7,subway,sz_honglingbei,sz_sungang,红岭北,笋岗,740,674,線路沿い,80.0,58,60,118
sz_7,7,subway,sz_sungang,sz_honghu,笋岗,洪湖,1251,1214,線路沿い,80.0,81,60,141
sz_7,7,subway,sz_honghu,sz_tianbei,洪湖,田贝,809,802,線路沿い,80.0,61,60,121
sz_7,7,subway,sz_tianbei,sz_taian,田贝,太安,1258,1078,線路沿い,80.0,81,60,141
sz_8,8,subway,sz_liantang,sz_wutongshannan,莲塘,梧桐山南,1362,1105,線路沿い,80.0,86,60,146
sz_8,8,subway,sz_wutongshannan,sz_shatoujiao,梧桐山南,沙头角,4306,4116,線路沿い,80.0,218,60,278
sz_8,8,subway,sz_shatoujiao,sz_haishan,沙头角,海山,1601,1511,線路沿い,80.0,97,60,157
sz_8,8,subway,sz_haishan,sz_yantiangangxi,海山,盐田港西,1234,1171,線路沿い,80.0,80,60,140
sz_8,8,subway,sz_yantiangangxi,sz_shenwaigaozhong,盐田港西,深外高中,2771,2417,線路沿い,80.0,149,60,209
sz_8,8,subway,sz_shenwaigaozhong,sz_yantianlu,深外高中,盐田路,1302,1187,線路沿い,80.0,83,60,143
sz_8,8,subway,sz_yantianlu,sz_honganwei,盐田路,鸿安围,1160,962,線路沿い,80.0,77,60,137
sz_8,8,subway,sz_honganwei,sz_yantianxu,鸿安围,盐田墟,1301,1245,線路沿い,80.0,83,60,143
sz_8,8,subway,sz_yantianxu,sz_dameisha,盐田墟,大梅沙,3530,3386,線路沿い,80.0,184,60,244
sz_8,8,subway,sz_dameisha,sz_xiaomeisha,大梅沙,小梅沙,2204,2032,線路沿い,80.0,124,60,184
sz_8,8,subway,sz_xiaomeisha,sz_xichong,小梅沙,溪涌,3712,3658,線路沿い,80.0,192,60,252
sz_9,9,subway,sz_qianwan,sz_menghai,前湾,梦海,493,448,線路沿い,80.0,47,60,107
sz_9,9,subway,sz_menghai,sz_yihai,梦海,怡海,600,583,線路沿い,80.0,52,60,112
sz_9,9,subway,sz_yihai,sz_lilin,怡海,荔林,1227,1153,線路沿い,80.0,80,60,140
sz_9,9,subway,sz_lilin,sz_nanyouxi,荔林,南油西,640,581,線路沿い,80.0,53,60,113
sz_9,9,subway,sz_nanyouxi,sz_nanyou,南油西,南油,1234,820,線路沿い,80.0,80,60,140
sz_9,9,subway,sz_nanyou,sz_nanshanshucheng,南油,南山书城,949,913,線路沿い,80.0,67,60,127
sz_9,9,subway,sz_nanshanshucheng,sz_shendanan,南山书城,深大南,1247,1136,線路沿い,80.0,81,60,141
sz_9,9,subway,sz_shendanan,sz_yuehaimen,深大南,粤海门,1336,1251,線路沿い,80.0,85,60,145
sz_9,9,subway,sz_yuehaimen,sz_gaoxinnan,粤海门,高新南,667,569,線路沿い,80.0,55,60,115
sz_9,9,subway,sz_gaoxinnan,sz_hongshuwannan,高新南,红树湾南,2574,2318,線路沿い,80.0,141,60,201
sz_9,9,subway,sz_hongshuwannan,sz_shenwan,红树湾南,深湾,744,742,線路沿い,80.0,58,60,118
sz_9,9,subway,sz_shenwan,sz_shenzhenwangongyuan,深湾,深圳湾公园,1579,1483,線路沿い,80.0,96,60,156
sz_9,9,subway,sz_shenzhenwangongyuan,sz_xiasha,深圳湾公园,下沙,3349,3244,線路沿い,80.0,175,60,235
sz_9,9,subway,sz_xiasha,sz_chegongmiao,下沙,车公庙,1274,940,線路沿い,80.0,82,60,142
sz_9,9,subway,sz_chegongmiao,sz_xiangmei,车公庙,香梅,1828,1563,線路沿い,80.0,107,60,167
sz_9,9,subway,sz_xiangmei,sz_jingtian,香梅,景田,1217,975,線路沿い,80.0,79,60,139
sz_9,9,subway,sz_jingtian,sz_meijing,景田,梅景,1071,1003,線路沿い,80.0,73,60,133
sz_9,9,subway,sz_meijing,sz_xiameilin,梅景,下梅林,852,677,線路沿い,80.0,63,60,123
sz_9,9,subway,sz_xiameilin,sz_meicun,下梅林,梅村,1118,1099,線路沿い,80.0,75,60,135
sz_9,9,subway,sz_meicun,sz_shangmeilin,梅村,上梅林,845,773,線路沿い,80.0,63,60,123
sz_9,9,subway,sz_shangmeilin,sz_maling,上梅林,孖岭,867,763,線路沿い,80.0,64,60,124
sz_9,9,subway,sz_maling,sz_yinhu,孖岭,银湖,2464,2285,線路沿い,80.0,136,60,196
sz_9,9,subway,sz_yinhu,sz_nigang,银湖,泥岗,875,802,線路沿い,80.0,64,60,124
sz_9,9,subway,sz_nigang,sz_honglingbei,泥岗,红岭北,1284,984,線路沿い,80.0,82,60,142
sz_9,9,subway,sz_honglingbei,sz_yuanling,红岭北,园岭,649,649,線路沿い,80.0,54,60,114
sz_9,9,subway,sz_yuanling,sz_hongling,园岭,红岭,851,804,線路沿い,80.0,63,60,123
sz_9,9,subway,sz_hongling,sz_honglingnan,红岭,红岭南,1146,1128,線路沿い,80.0,76,60,136
sz_9,9,subway,sz_honglingnan,sz_ludancun,红岭南,鹿丹村,653,518,線路沿い,80.0,54,60,114
sz_9,9,subway,sz_ludancun,sz_renminnan,鹿丹村,人民南,1002,959,線路沿い,80.0,70,60,130
sz_9,9,subway,sz_renminnan,sz_xiangxicun,人民南,向西村,957,915,線路沿い,80.0,68,60,128
sz_9,9,subway,sz_xiangxicun,sz_wenjin,向西村,文锦,693,612,線路沿い,80.0,56,60,116
sz_10,10,subway,sz_futiankouan,sz_fumin,福田口岸,福民,1141,895,線路沿い,80.0,76,60,136
sz_10,10,subway,sz_fumin,sz_gangxia,福民,岗厦,1426,1270,線路沿い,80.0,89,60,149
sz_10,10,subway,sz_gangxia,sz_gangxiabei,岗厦,岗厦北,666,615,線路沿い,80.0,55,60,115
sz_10,10,subway,sz_gangxiabei,sz_lianhuacun,岗厦北,莲花村,1022,923,線路沿い,80.0,71,60,131
sz_10,10,subway,sz_lianhuacun,sz_donggualing,莲花村,冬瓜岭,1351,1350,線路沿い,80.0,85,60,145
sz_10,10,subway,sz_donggualing,sz_maling,冬瓜岭,孖岭,908,812,線路沿い,80.0,66,60,126
sz_10,10,subway,sz_maling,sz_yabao,孖岭,雅宝,4094,4006,線路沿い,80.0,209,60,269
sz_10,10,subway,sz_yabao,sz_nankeng,雅宝,南坑,862,859,線路沿い,80.0,63,60,123
sz_10,10,subway,sz_nankeng,sz_guangyayuan,南坑,光雅园,665,574,線路沿い,80.0,55,60,115
sz_10,10,subway,sz_guangyayuan,sz_wuhe,光雅园,五和,1141,1131,線路沿い,80.0,76,60,136
sz_10,10,subway,sz_wuhe,sz_bantianbei,五和,坂田北,1095,955,線路沿い,80.0,74,60,134
sz_10,10,subway,sz_bantianbei,sz_beierlu,坂田北,贝尔路,1009,812,線路沿い,80.0,70,60,130
sz_10,10,subway,sz_beierlu,sz_huawei,贝尔路,华为,998,985,線路沿い,80.0,70,60,130
sz_10,10,subway,sz_huawei,sz_gangtou,华为,岗头,908,852,線路沿い,80.0,66,60,126
sz_10,10,subway,sz_gangtou,sz_xuexiang,岗头,雪象,885,714,線路沿い,80.0,65,60,125
sz_10,10,subway,sz_xuexiang,sz_gankeng,雪象,甘坑,3099,2993,線路沿い,80.0,164,60,224
sz_10,10,subway,sz_gankeng,sz_liangmaoshan,甘坑,凉帽山,1383,1308,線路沿い,80.0,87,60,147
sz_10,10,subway,sz_liangmaoshan,sz_shanglilang,凉帽山,上李朗,1439,1213,線路沿い,80.0,89,60,149
sz_10,10,subway,sz_shanglilang,sz_mugu,上李朗,木古,2024,1833,線路沿い,80.0,116,60,176
sz_10,10,subway,sz_mugu,sz_huanancheng,木古,华南城,684,661,線路沿い,80.0,55,60,115
sz_10,10,subway,sz_huanancheng,sz_hehua,华南城,禾花,1182,1182,線路沿い,80.0,78,60,138
sz_10,10,subway,sz_hehua,sz_pinghu,禾花,平湖,1074,958,線路沿い,80.0,73,60,133
sz_10,10,subway,sz_pinghu,sz_shuangyongjie,平湖,双拥街,874,874,線路沿い,80.0,64,60,124
sz_11,11,subway,sz_honglingnan,sz_huaqiangnan,红岭南,华强南,1957,1860,線路沿い,120.0,96,60,156
sz_11,11,subway,sz_huaqiangnan,sz_fuxing,华强南,福星,613,588,線路沿い,120.0,52,60,112
sz_11,11,subway,sz_fuxing,sz_gangxiabei,福星,岗厦北,1477,1362,線路沿い,120.0,81,60,141
sz_11,11,subway,sz_gangxiabei,sz_futian,岗厦北,福田,1579,1576,線路沿い,120.0,84,60,144
sz_11,11,subway,sz_futian,sz_chegongmiao,福田,车公庙,2680,2628,線路沿い,120.0,117,60,177
sz_11,11,subway,sz_chegongmiao,sz_hongshuwannan,车公庙,红树湾南,6124,5966,線路沿い,120.0,221,60,281
sz_11,11,subway,sz_hongshuwannan,sz_houhai,红树湾南,后海,3444,3053,線路沿い,120.0,140,60,200
sz_11,11,subway,sz_houhai,sz_nanshan,后海,南山,2121,2018,線路沿い,120.0,101,60,161
sz_11,11,subway,sz_nanshan,sz_qianhaiwan,南山,前海湾,3990,3048,線路沿い,120.0,157,60,217
sz_11,11,subway,sz_qianhaiwan,sz_baoan,前海湾,宝安,2829,2620,線路沿い,120.0,122,60,182
sz_11,11,subway,sz_baoan,sz_bihaiwan,宝安,碧海湾,3531,3492,線路沿い,120.0,143,60,203
sz_11,11,subway,sz_bihaiwan,sz_jichang,碧海湾,机场,6960,6783,線路沿い,120.0,246,60,306
sz_11,11,subway,sz_jichang,sz_jichangbei,机场,机场北,3545,3488,線路沿い,120.0,143,60,203
sz_11,11,subway,sz_jichangbei,sz_fuyong,机场北,福永,3215,2753,線路沿い,120.0,133,60,193
sz_11,11,subway,sz_fuyong,sz_qiaotou,福永,桥头,1651,1549,線路沿い,120.0,87,60,147
sz_11,11,subway,sz_qiaotou,sz_tangwei,桥头,塘尾,1725,1703,線路沿い,120.0,89,60,149
sz_11,11,subway,sz_tangwei,sz_maanshan,塘尾,马安山,1802,1653,線路沿い,120.0,91,60,151
sz_11,11,subway,sz_maanshan,sz_shajing,马安山,沙井,1741,1714,線路沿い,120.0,89,60,149
sz_11,11,subway,sz_shajing,sz_houting,沙井,后亭,2455,2455,線路沿い,120.0,111,60,171
sz_11,11,subway,sz_houting,sz_songgang,后亭,松岗,2347,2181,線路沿い,120.0,107,60,167
sz_11,11,subway,sz_songgang,sz_bitou,松岗,碧头,1856,1562,線路沿い,120.0,93,60,153
sz_12,12,subway,sz_songgang,sz_langxia,松岗,朗下,1281,1262,線路沿い,80.0,82,60,142
sz_12,12,subway,sz_langxia,sz_buchong,朗下,步涌,1240,1192,線路沿い,80.0,80,60,140
sz_12,12,subway,sz_buchong,sz_shajingguxu,步涌,沙井古墟,1649,1593,線路沿い,80.0,99,60,159
sz_12,12,subway,sz_shajingguxu,sz_shahao,沙井古墟,沙蚝,1102,859,線路沿い,80.0,74,60,134
sz_12,12,subway,sz_shahao,sz_haoxiang,沙蚝,蚝乡,1214,1191,線路沿い,80.0,79,60,139
sz_12,12,subway,sz_haoxiang,sz_haishangtianyuandong,蚝乡,海上田园东,2121,1413,線路沿い,80.0,120,60,180
sz_12,12,subway,sz_haishangtianyuandong,sz_haishangtianyuannan,海上田园东,海上田园南,1727,1552,線路沿い,80.0,102,60,162
sz_12,12,subway,sz_haishangtianyuannan,sz_guozhanbei,海上田园南,国展北,1519,1514,線路沿い,80.0,93,60,153
sz_12,12,subway,sz_guozhanbei,sz_guozhan,国展北,国展,1142,1096,線路沿い,80.0,76,60,136
sz_12,12,subway,sz_guozhan,sz_fuhaixi,国展,福海西,1685,1375,線路沿い,80.0,101,60,161
sz_12,12,subway,sz_fuhaixi,sz_qiaotouxi,福海西,桥头西,1341,1013,線路沿い,80.0,85,60,145
sz_12,12,subway,sz_qiaotouxi,sz_fuyong,桥头西,福永,1770,1286,線路沿い,80.0,104,60,164
sz_12,12,subway,sz_fuyong,sz_huaide,福永,怀德,1961,1602,線路沿い,80.0,113,60,173
sz_12,12,subway,sz_huaide,sz_fuwei,怀德,福围,1277,1074,線路沿い,80.0,82,60,142
sz_12,12,subway,sz_fuwei,sz_jichangdong,福围,机场东,1463,1105,線路沿い,80.0,91,60,151
sz_12,12,subway,sz_jichangdong,sz_xingwei,机场东,兴围,1565,1318,線路沿い,80.0,95,60,155
sz_12,12,subway,sz_xingwei,sz_huangtian,兴围,黄田,1765,1727,線路沿い,80.0,104,60,164
sz_12,12,subway,sz_huangtian,sz_zhongwunan,黄田,钟屋南,2082,1965,線路沿い,80.0,118,60,178
sz_12,12,subway,sz_zhongwunan,sz_xixiangtaoyuan,钟屋南,西乡桃源,932,919,線路沿い,80.0,67,60,127
sz_12,12,subway,sz_xixiangtaoyuan,sz_pingluanshan,西乡桃源,平峦山,1148,1145,線路沿い,80.0,76,60,136
sz_12,12,subway,sz_pingluanshan,sz_baotianyilu,平峦山,宝田一路,1358,1331,線路沿い,80.0,86,60,146
sz_12,12,subway,sz_baotianyilu,sz_baoankeyunzhan,宝田一路,宝安客运站,774,774,線路沿い,80.0,60,60,120
sz_12,12,subway,sz_baoankeyunzhan,sz_liutang,宝安客运站,流塘,920,893,線路沿い,80.0,66,60,126
sz_12,12,subway,sz_liutang,sz_shangchuan,流塘,上川,1083,1040,線路沿い,80.0,73,60,133
sz_12,12,subway,sz_shangchuan,sz_lingzhi,上川,灵芝,1178,1169,線路沿い,80.0,78,60,138
sz_12,12,subway,sz_lingzhi,sz_xinangongyuan,灵芝,新安公园,1027,1024,線路沿い,80.0,71,60,131
sz_12,12,subway,sz_xinangongyuan,sz_tonglenan,新安公园,同乐南,1132,1049,線路沿い,80.0,76,60,136
sz_12,12,subway,sz_tonglenan,sz_zhongshangongyuan,同乐南,中山公园,1478,1181,線路沿い,80.0,91,60,151
sz_12,12,subway,sz_zhongshangongyuan,sz_nantougucheng,中山公园,南头古城,1120,1038,線路沿い,80.0,75,60,135
sz_12,12,subway,sz_nantougucheng,sz_taoyuan,南头古城,桃园,578,558,線路沿い,80.0,51,60,111
sz_12,12,subway,sz_taoyuan,sz_nanshan,桃园,南山,958,925,線路沿い,80.0,68,60,128
sz_12,12,subway,sz_nanshan,sz_nanguang,南山,南光,961,850,線路沿い,80.0,68,60,128
sz_12,12,subway,sz_nanguang,sz_nanyou,南光,南油,854,688,線路沿い,80.0,63,60,123
sz_12,12,subway,sz_nanyou,sz_sihai,南油,四海,1231,1219,線路沿い,80.0,80,60,140
sz_12,12,subway,sz_sihai,sz_huaguoshan,四海,花果山,739,731,線路沿い,80.0,58,60,118
sz_12,12,subway,sz_huaguoshan,sz_haishangshijie,花果山,海上世界,1177,1131,線路沿い,80.0,78,60,138
sz_12,12,subway,sz_haishangshijie,sz_taiziwan,海上世界,太子湾,1578,1353,線路沿い,80.0,96,60,156
sz_12,12,subway,sz_taiziwan,sz_zuopaotaidong,太子湾,左炮台东,1182,1129,線路沿い,80.0,78,60,138
sz_13,13,subway,sz_shenzhenwankouan,sz_rencaigongyuan,深圳湾口岸,人才公园,1352,1228,線路沿い,80,86,60,146
sz_13,13,subway,sz_rencaigongyuan,sz_houhai,人才公园,后海,800,697,線路沿い,80,61,60,121
sz_13,13,subway,sz_houhai,sz_keyuan,后海,科苑,1231,1066,線路沿い,80,80,60,140
sz_13,13,subway,sz_keyuan,sz_yuehaimen,科苑,粤海门,692,630,線路沿い,80,56,60,116
sz_13,13,subway,sz_yuehaimen,sz_shenda,粤海门,深大,720,623,線路沿い,80,57,60,117
sz_13,13,subway,sz_shenda,sz_gaoxinzhong,深大,高新中,1098,989,線路沿い,80,74,60,134
sz_13,13,subway,sz_gaoxinzhong,sz_gaoxinbei,高新中,高新北,1091,1091,線路沿い,80,74,60,134
sz_13,13,subway,sz_gaoxinbei,sz_shigu,高新北,石鼓,2037,2004,線路沿い,80,116,60,176
sz_13,13,subway,sz_shigu,sz_liuxiandong,石鼓,留仙洞,687,682,線路沿い,80,56,60,116
sz_13,13,subway,sz_liuxiandong,sz_baiwang,留仙洞,百旺,4867,4627,線路沿い,80,244,60,304
sz_13,13,subway,sz_baiwang,sz_yingrenshi,百旺,应人石,2824,2749,線路沿い,80,152,60,212
sz_13,13,subway,sz_yingrenshi,sz_luozu,应人石,罗租,2824,2760,線路沿い,80,152,60,212
sz_13,13,subway,sz_luozu,sz_shiyan,罗租,石岩,1527,1436,線路沿い,80,93,60,153
sz_13,13,subway,sz_shiyan,sz_shangwu,石岩,上屋,966,944,線路沿い,80,68,60,128
sz_13,13,subway,sz_shangwu,sz_hongaogongyuan,上屋,红坳公园,4278,3941,線路沿い,80,217,60,277
sz_13,13,subway,sz_hongaogongyuan,sz_guangmingcheng,红坳公园,光明城,1464,1288,線路沿い,80,91,60,151
sz_13,13,subway,sz_guangmingcheng,sz_deyalu,光明城,德雅路,1210,932,線路沿い,80,79,60,139
sz_13,13,subway,sz_deyalu,sz_fenghuangcheng,德雅路,凤凰城,1876,1755,線路沿い,80,109,60,169
sz_13,13,subway,sz_fenghuangcheng,sz_yuelianglu,凤凰城,月亮路,2670,2323,線路沿い,80,145,60,205
sz_13,13,subway,sz_yuelianglu,sz_jiangwei,月亮路,将围,1382,1246,線路沿い,80,87,60,147
sz_13,13,subway,sz_jiangwei,sz_xinzhuang,将围,新庄,1095,1095,線路沿い,80,74,60,134
sz_13,13,subway,sz_xinzhuang,sz_gongmingguangchang,新庄,公明广场,2094,1598,線路沿い,80,119,60,179
sz_13,13,subway,sz_gongmingguangchang,sz_shangcun,公明广场,上村,1000,862,線路沿い,80,70,60,130
sz_13,13,subway,sz_shangcun,sz_xiacun,上村,下村,1002,968,線路沿い,80,70,60,130
sz_13,13,subway,sz_xiacun,sz_lisonglang,下村,李松蓢,1309,1236,線路沿い,80,84,60,144
sz_14,14,subway,sz_gangxiabei,sz_huangmugang,岗厦北,黄木岗,3031,2582,線路沿い,120.0,128,60,188
sz_14,14,subway,sz_huangmugang,sz_luohubei,黄木岗,罗湖北,4271,3819,線路沿い,120.0,165,60,225
sz_14,14,subway,sz_luohubei,sz_buji,罗湖北,布吉,2655,2540,線路沿い,120.0,117,60,177
sz_14,14,subway,sz_buji,sz_shiyaling,布吉,石芽岭,3548,3374,線路沿い,120.0,143,60,203
sz_14,14,subway,sz_shiyaling,sz_liuyuebei,石芽岭,六约北,4430,4197,線路沿い,120.0,170,60,230
sz_14,14,subway,sz_liuyuebei,sz_silian,六约北,四联,1933,1896,線路沿い,120.0,95,60,155
sz_14,14,subway,sz_silian,sz_aobei,四联,坳背,3413,3127,線路沿い,120.0,139,60,199
sz_14,14,subway,sz_aobei,sz_dayun,坳背,大运,2521,2364,線路沿い,120.0,113,60,173
sz_14,14,subway,sz_dayun,sz_zhangbei,大运,嶂背,3094,2389,線路沿い,120.0,130,60,190
sz_14,14,subway,sz_zhangbei,sz_nanyue,嶂背,南约,3068,2856,線路沿い,120.0,129,60,189
sz_14,14,subway,sz_nanyue,sz_baolong,南约,宝龙,2085,2062,線路沿い,120.0,100,60,160
sz_14,14,subway,sz_baolong,sz_jinlong,宝龙,锦龙,4271,3825,線路沿い,120.0,165,60,225
sz_14,14,subway,sz_jinlong,sz_pingshanwei,锦龙,坪山围,1620,1549,線路沿い,120.0,86,60,146
sz_14,14,subway,sz_pingshanwei,sz_pingshanguangchang,坪山围,坪山广场,1322,1294,線路沿い,120.0,77,60,137
sz_14,14,subway,sz_pingshanguangchang,sz_pingshanzhongxin,坪山广场,坪山中心,932,874,線路沿い,120.0,64,60,124
sz_14,14,subway,sz_pingshanzhongxin,sz_kengzi,坪山中心,坑梓,4790,4482,線路沿い,120.0,181,60,241
sz_14,14,subway,sz_kengzi,sz_shatian,坑梓,沙田,3374,3260,線路沿い,120.0,138,60,198
sz_16,16,subway,sz_tianxin,sz_jishudaxue,田心,技术大学,1707,1508,線路沿い,80.0,102,60,162
sz_16,16,subway,sz_jishudaxue,sz_shijing,技术大学,石井,2064,1907,線路沿い,80.0,118,60,178
sz_16,16,subway,sz_shijing,sz_yanzihu,石井,燕子湖,922,921,線路沿い,80.0,66,60,126
sz_16,16,subway,sz_yanzihu,sz_shabo,燕子湖,沙壆,1104,1073,線路沿い,80.0,74,60,134
sz_16,16,subway,sz_shabo,sz_dongzongjinianguan,沙壆,东纵纪念馆,962,926,線路沿い,80.0,68,60,128
sz_16,16,subway,sz_dongzongjinianguan,sz_pinghuan,东纵纪念馆,坪环,1008,948,線路沿い,80.0,70,60,130
sz_16,16,subway,sz_pinghuan,sz_pingshanwei,坪环,坪山围,810,738,線路沿い,80.0,61,60,121
sz_16,16,subway,sz_pingshanwei,sz_liuhe,坪山围,六和,817,760,線路沿い,80.0,61,60,121
sz_16,16,subway,sz_liuhe,sz_xinhe,六和,新和,865,857,線路沿い,80.0,64,60,124
sz_16,16,subway,sz_xinhe,sz_pingshan,新和,坪山,1019,865,線路沿い,80.0,71,60,131
sz_16,16,subway,sz_pingshan,sz_baolongtongle,坪山,宝龙同乐,1679,1618,線路沿い,80.0,100,60,160
sz_16,16,subway,sz_baolongtongle,sz_longdong,宝龙同乐,龙东,2238,2139,線路沿い,80.0,125,60,185
sz_16,16,subway,sz_longdong,sz_xintangwei,龙东,新塘围,1227,1147,線路沿い,80.0,80,60,140
sz_16,16,subway,sz_xintangwei,sz_shuanglong,新塘围,双龙,1131,966,線路沿い,80.0,76,60,136
sz_16,16,subway,sz_shuanglong,sz_longyuan,双龙,龙园,1252,1154,線路沿い,80.0,81,60,141
sz_16,16,subway,sz_longyuan,sz_shengping,龙园,盛平,1597,1421,線路沿い,80.0,97,60,157
sz_16,16,subway,sz_shengping,sz_shangjing,盛平,尚景,940,934,線路沿い,80.0,67,60,127
sz_16,16,subway,sz_shangjing,sz_huilongpu,尚景,回龙埔,848,800,線路沿い,80.0,63,60,123
sz_16,16,subway,sz_huilongpu,sz_yuyuan,回龙埔,愉园,1315,1296,線路沿い,80.0,84,60,144
sz_16,16,subway,sz_yuyuan,sz_huanggekeng,愉园,黄阁坑,1381,1145,線路沿い,80.0,87,60,147
sz_16,16,subway,sz_huanggekeng,sz_longchenggongyuan,黄阁坑,龙城公园,1721,1647,線路沿い,80.0,102,60,162
sz_16,16,subway,sz_longchenggongyuan,sz_dayunzhongxin,龙城公园,大运中心,1071,1014,線路沿い,80.0,73,60,133
sz_16,16,subway,sz_dayunzhongxin,sz_dayun,大运中心,大运,1414,1325,線路沿い,80.0,88,60,148
sz_16,16,subway,sz_dayun,sz_jinyuan,大运,金源,1732,1445,線路沿い,80.0,103,60,163
sz_16,16,subway,sz_jinyuan,sz_jixi,金源,吉溪,1670,1424,線路沿い,80.0,100,60,160
sz_16,16,subway,sz_jixi,sz_daan,吉溪,大安,787,699,線路沿い,80.0,60,60,120
sz_16,16,subway,sz_daan,sz_yuanshan,大安,园山,1086,1071,線路沿い,80.0,74,60,134
sz_16,16,subway,sz_yuanshan,sz_dakang,园山,大康,1433,1137,線路沿い,80.0,89,60,149
sz_16,16,subway,sz_dakang,sz_fukeng,大康,福坑,849,840,線路沿い,80.0,63,60,123
sz_16,16,subway,sz_fukeng,sz_anliang,福坑,安良,1104,910,線路沿い,80.0,74,60,134
sz_16,16,subway,sz_anliang,sz_yuanshanxikeng,安良,园山西坑,1443,1401,線路沿い,80.0,90,60,150
sz_20,20,subway,sz_huizhancheng,sz_guozhanbei,会展城,国展北,1402,1081,線路沿い,120.0,79,60,139
sz_20,20,subway,sz_guozhanbei,sz_guozhan,国展北,国展,1118,1096,線路沿い,120.0,70,60,130
sz_20,20,subway,sz_guozhan,sz_guozhannan,国展,国展南,1294,1287,線路沿い,120.0,76,60,136
sz_20,20,subway,sz_guozhannan,sz_jichangbei,国展南,机场北,4382,4160,線路沿い,120.0,168,60,228
sz_6b,6B,subway,sz_shenligong,sz_zhongda,深理工,中大,2046,1990,線路沿い,120.0,98,60,158
sz_6b,6B,subway,sz_zhongda,sz_zhenmei,中大,圳美,1315,1012,線路沿い,120.0,76,60,136
sz_6b,6B,subway,sz_zhenmei,sz_guangming,圳美,光明,2030,1867,線路沿い,120.0,98,60,158
sz_6b,6B,subway,sz_guangming,sz_biyan,光明,碧眼,1719,1581,線路沿い,120.0,89,60,149
sz_6b,6B,subway,sz_biyan,sz_hongqiaogongyuan,碧眼,虹桥公园,991,952,線路沿い,120.0,66,60,126
sz_6b,6B,subway,sz_hongqiaogongyuan,sz_guangmingcheng,虹桥公园,光明城,2233,1969,線路沿い,120.0,104,60,164
