id,原表記,英語,日本漢字,ピンイン,粤拼,カタカナ,路線,確認済み
hk_airport,機場,Airport,機場,Jīchǎng,gei1 coeng4,ケイチョン,hk_ael,
hk_asiaworldexpo,博覽館,AsiaWorld-Expo,博覧館,Bólǎnguǎn,bok3 laam5 gun2,ポックラムクン,hk_ael,
hk_chaiwan,柴灣,Chai Wan,柴湾,Cháiwān,caai4 waan1,チャイワン,hk_isl,
hk_chekungtemple,車公廟,Che Kung Temple,車公廟,Chēgōngmiào,ce1 gung1 miu2,チェーコンミウ,hk_tml,
hk_choihung,彩虹,Choi Hung,彩虹,Cǎihóng,coi2 hung4,チョイホン,hk_ktl,
hk_cityone,第一城,City One,第一城,Dìyīchéng,dai6 jat1 sing4,タイヤットシン,hk_tml,
hk_disneylandresort,迪士尼,Disneyland Resort,迪士尼,Díshìní,dik6 si6 nei4,ティックシーネイ,hk_drl,
hk_fanling,粉嶺,Fanling,粉嶺,Fěnlǐng,fan2 leng5,ファンレン,hk_eal,
hk_fotan,火炭,Fo Tan,火炭,Huǒtàn,fo2 taan3,フォータン,hk_eal,
hk_hanghau,坑口,Hang Hau,坑口,Kēngkǒu,haang1 hau2,ハンハウ,hk_tkl,
hk_hengfachuen,杏花邨,Heng Fa Chuen,杏花邨,Xìnghuācūn,hang6 faa1 cyun1,ハンファーチュン,hk_isl,
hk_hengon,恆安,Heng On,恒安,Héng'ān,hang4 on1,ハンオン,hk_tml,
hk_hinkeng,顯徑,Hin Keng,顕径,Xiǎnjìng,hin2 ging3,ヒンキン,hk_tml,
hk_kamsheungroad,錦上路,Kam Sheung Road,錦上路,Jǐnshàng Lù,gam2 soeng6 lou6,カムション・ロー,hk_tml,
hk_kwaifong,葵芳,Kwai Fong,葵芳,Kuífāng,kwai4 fong1,クワイフォン,hk_twl,
hk_kwaihing,葵興,Kwai Hing,葵興,Kuíxīng,kwai4 hing1,クワイヒン,hk_twl,
hk_laiking,荔景,Lai King,茘景,Lìjǐng,lai6 ging2,ライキン,hk_twl/hk_tcl,
hk_lamtin,藍田,Lam Tin,藍田,Lántián,laam4 tin4,ラムティン,hk_ktl,
hk_lohaspark,康城,LOHAS Park,康城,Kāngchéng,hong1 sing4,ホンシン,hk_tkl,
hk_lokmachau,落馬洲,Lok Ma Chau,落馬洲,Luòmǎzhōu,lok6 maa5 zau1,ロックマーチャウ,hk_eal,
hk_longping,朗屏,Long Ping,朗屏,Lǎngpíng,long5 ping4,ロンピン,hk_tml,
hk_lowu,羅湖,Lo Wu,羅湖,Luóhú,lo4 wu4,ローウー,hk_eal,
hk_lr_affluence,澤豐,Affluence,沢豊,Zéfēng,zaak6 fung1,チャックフォン,hk_lr,
hk_lr_butterfly,蝴蝶,Butterfly,蝴蝶,Húdié,wu4 dip6,ウーティップ,hk_lr,
hk_lr_chestwood,翠湖,Chestwood,翠湖,Cuìhú,ceoi3 wu4,チョイウー,hk_lr,
hk_lr_chingchung,青松,Ching Chung,青松,Qīngsōng,cing1 cung4,チンチョン,hk_lr,
hk_lr_choyyeebridge,蔡意橋,Choy Yee Bridge,蔡意橋,Càiyìqiáo,coi3 ji3 kiu4,チョイイーキウ,hk_lr,
hk_lr_chungfu,頌富,Chung Fu,頌富,Sòngfù,zung6 fu3,チョンフー,hk_lr,
hk_lr_chunguktsuen,鍾屋村,Chung Uk Tsuen,鍾屋村,Zhōngwūcūn,zung1 uk1 cyun1,チョンオックチュン,hk_lr,
hk_lr_fungninroad,豐年路,Fung Nin Road,豊年路,Fēngnián Lù,fung1 nin4 lou6,フォンニン・ロー,hk_lr,
hk_lr_fungtei,鳳地,Fung Tei,鳳地,Fèngdì,fung6 dei6,フォンテイ,hk_lr,
hk_lr_ginza,銀座,Ginza,銀座,Yínzuò,ngan4 zo6,ガンチョー,hk_lr,
hk_lr_goodviewgarden,豐景園,Goodview Garden,豊景園,Fēngjǐngyuán,fung1 ging2 jyun4,フォンキンユン,hk_lr,
hk_lr_hangmeitsuen,坑尾村,Hang Mei Tsuen,坑尾村,Kēngwěicūn,haang1 mei5 cyun1,ハンメイチュン,hk_lr,
hk_lr_hohfuktong,何福堂,Hoh Fuk Tong,何福堂,Héfútáng,ho4 fuk1 tong4,ホーフォックトン,hk_lr,
hk_lr_hoiwongroad,海皇路,Hoi Wong Road,海皇路,Hǎihuáng Lù,hoi2 wong4 lou6,ホイウォン・ロー,hk_lr,
hk_lr_honglokroad,康樂路,Hong Lok Road,康楽路,Kānglè Lù,hong1 lok6 lou6,ホンロック・ロー,hk_lr,
hk_lr_hotin,河田,Ho Tin,河田,Hétián,ho4 tin4,ホーティン,hk_lr,
hk_lr_hungshuikiu,洪水橋,Hung Shui Kiu,洪水橋,Hóngshuǐqiáo,hung4 seoi2 kiu4,ホンソイキウ,hk_lr,
hk_lr_keilun,麒麟,Kei Lun,麒麟,Qílín,kei4 leon4,ケイロン,hk_lr,
hk_lr_kinon,建安,Kin On,建安,Jiàn'ān,gin3 on1,キンオン,hk_lr,
hk_lr_kinsang,建生,Kin Sang,建生,Jiànshēng,gin3 sang1,キンサン,hk_lr,
hk_lr_lamtei,藍地,Lam Tei,藍地,Lándì,laam4 dei6,ラムテイ,hk_lr,
hk_lr_leungking,良景,Leung King,良景,Liángjǐng,loeng4 ging2,リョンキン,hk_lr,
hk_lr_lightraildepot,輕鐵車廠,Light Rail Depot,軽鉄車廠,Qīngtiěchēchǎng,hing1 tit3 ce1 cong2,ヒンティットチェーチョン,hk_lr,
hk_lr_locwood,樂湖,Locwood,楽湖,Lèhú,lok6 wu4,ロックウー,hk_lr,
hk_lr_lungmun,龍門,Lung Mun,龍門,Lóngmén,lung4 mun4,ロンムン,hk_lr,
hk_lr_melodygarden,美樂,Melody Garden,美楽,Měilè,mei5 lok6,メイロック,hk_lr,
hk_lr_mingkum,鳴琴,Ming Kum,鳴琴,Míngqín,ming4 kam4,ミンカム,hk_lr,
hk_lr_naiwai,泥圍,Nai Wai,泥囲,Níwéi,nai4 wai4,ナイワイ,hk_lr,
hk_lr_nganwai,銀圍,Ngan Wai,銀囲,Yínwéi,ngan4 wai4,ガンワイ,hk_lr,
hk_lr_onting,安定,On Ting,安定,Āndìng,on1 ding6,オンティン,hk_lr,
hk_lr_pingshan,屏山,Ping Shan,屏山,Píngshān,ping4 saan1,ピンサン,hk_lr,
hk_lr_primeview,景峰,Prime View,景峰,Jǐngfēng,ging2 fung1,キンフォン,hk_lr,
hk_lr_puito,杯渡,Pui To,杯渡,Bēidù,bui1 dou6,プイトー,hk_lr,
hk_lr_samshing,三聖,Sam Shing,三聖,Sānshèng,saam1 sing3,サムシン,hk_lr,
hk_lr_sanhui,新墟,San Hui,新墟,Xīnxū,san1 heoi1,サンホイ,hk_lr,
hk_lr_sanwai,新圍,San Wai,新囲,Xīnwéi,san1 wai4,サンワイ,hk_lr,
hk_lr_shankingnorth,山景(北),Shan King (North),山景(北),Shānjǐng (Běi),saan1 ging2 (bak1),サンキン(パック),hk_lr,
hk_lr_shankingsouth,山景(南),Shan King (South),山景(南),Shānjǐng (Nán),saan1 ging2 (naam4),サンキン(ナム),hk_lr,
hk_lr_shekpai,石排,Shek Pai,石排,Shípái,sek6 paai4,セックパイ,hk_lr,
hk_lr_shuipinwai,水邊圍,Shui Pin Wai,水辺囲,Shuǐbiānwéi,seoi2 bin1 wai4,ソイピンワイ,hk_lr,
hk_lr_siuhei,兆禧,Siu Hei,兆禧,Zhàoxǐ,siu6 hei1,シウヘイ,hk_lr,
hk_lr_siuhong,兆康,Siu Hong,兆康,Zhàokāng,siu6 hong1,シウホン,hk_lr,
hk_lr_siulun,兆麟,Siu Lun,兆麟,Zhàolín,siu6 leon4,シウロン,hk_lr,
hk_lr_taihingnorth,大興(北),Tai Hing (North),大興(北),Dàxīng (Běi),daai6 hing1 (bak1),タイヒン(パック),hk_lr,
hk_lr_taihingsouth,大興(南),Tai Hing (South),大興(南),Dàxīng (Nán),daai6 hing1 (naam4),タイヒン(ナム),hk_lr,
hk_lr_taitongroad,大棠路,Tai Tong Road,大棠路,Dàtáng Lù,daai6 tong4 lou6,タイトン・ロー,hk_lr,
hk_lr_tinfu,天富,Tin Fu,天富,Tiānfù,tin1 fu3,ティンフー,hk_lr,
hk_lr_tinheng,天恒,Tin Heng,天恒,Tiānhéng,tin1 hang4,ティンハン,hk_lr,
hk_lr_tinking,田景,Tin King,田景,Tiánjǐng,tin4 ging2,ティンキン,hk_lr,
hk_lr_tinsau,天秀,Tin Sau,天秀,Tiānxiù,tin1 sau3,ティンサウ,hk_lr,
hk_lr_tinshui,天瑞,Tin Shui,天瑞,Tiānruì,tin1 seoi6,ティンソイ,hk_lr,
hk_lr_tinshuiwai,天水圍,Tin Shui Wai,天水囲,Tiānshuǐwéi,tin1 seoi2 wai4,ティンソイワイ,hk_lr,
hk_lr_tintsz,天慈,Tin Tsz,天慈,Tiāncí,tin1 ci4,ティンチー,hk_lr,
hk_lr_tinwing,天榮,Tin Wing,天栄,Tiānróng,tin1 wing4,ティンウィン,hk_lr,
hk_lr_tinwu,天湖,Tin Wu,天湖,Tiānhú,tin1 wu4,ティンウー,hk_lr,
hk_lr_tinyat,天逸,Tin Yat,天逸,Tiānyì,tin1 jat6,ティンヤット,hk_lr,
hk_lr_tinyiu,天耀,Tin Yiu,天耀,Tiānyào,tin1 jiu6,ティンイウ,hk_lr,
hk_lr_tinyuet,天悅,Tin Yuet,天悦,Tiānyuè,tin1 jyut6,ティンユット,hk_lr,
hk_lr_tongfongtsuen,塘坊村,Tong Fong Tsuen,塘坊村,Tángfāngcūn,tong4 fong1 cyun1,トンフォンチュン,hk_lr,
hk_lr_towncentre,市中心,Town Centre,市中心,Shì Zhōngxīn,si5 zung1 sam1,シー・チョンサム,hk_lr,
hk_lr_tsingshantsuen,青山村,Tsing Shan Tsuen,青山村,Qīngshāncūn,cing1 saan1 cyun1,チンサンチュン,hk_lr,
hk_lr_tsingwun,青雲,Tsing Wun,青雲,Qīngyún,cing1 wan4,チンワン,hk_lr,
hk_lr_tuenmun,屯門,Tuen Mun,屯門,Túnmén,tyun4 mun4,トゥエンムン,hk_lr,
hk_lr_tuenmunferrypier,屯門碼頭,Tuen Mun Ferry Pier,屯門碼頭,Túnmén Mǎtóu,tyun4 mun4 maa5 tau4,トゥエンムン・マータウ,hk_lr,
hk_lr_tuenmunhospital,屯門醫院,Tuen Mun Hospital,屯門医院,Túnmén Yīyuàn,tyun4 mun4 ji1 jyun2,トゥエンムン・イーユン,hk_lr,
hk_lr_wetlandpark,濕地公園,Wetland Park,湿地公園,Shīdì Gōngyuán,sap1 dei6 gung1 jyun4,サップテイ・コンユン,hk_lr,
hk_lr_yauoi,友愛,Yau Oi,友愛,Yǒu'ài,jau5 oi3,ヤウオイ,hk_lr,
hk_lr_yuenlong,元朗,Yuen Long,元朗,Yuánlǎng,jyun4 long5,ユンロン,hk_lr,
hk_maonshan,馬鞍山,Ma On Shan,馬鞍山,Mǎ'ānshān,maa5 on1 saan1,マーオンサン,hk_tml,
hk_peak_barkerroad,白加道,Barker Road,白加道,Báijiā Dào,baak6 gaa1 dou6,パックカー・トー,hk_peak,
hk_peak_gardenroad,花園道,Garden Road,花園道,Huāyuán Dào,faa1 jyun4 dou6,ファーユン・トー,hk_peak,
hk_peak_kennedyroad,堅尼地道,Kennedy Road,堅尼地道,Jiānnídì Dào,gin1 nei4 dei6 dou6,キンネイテイ・トー,hk_peak,
hk_peak_macdonnellroad,麥當勞道,MacDonnell Road,麦当労道,Màidāngláo Dào,mak6 dong1 lou4 dou6,マックトンロー・トー,hk_peak,
hk_peak_mayroad,梅道,May Road,梅道,Méi Dào,mui4 dou6,ムイ・トー,hk_peak,
hk_peak_thepeak,山頂,The Peak,山頂,Shāndǐng,saan1 deng2,サンテン,hk_peak,
hk_polam,寶琳,Po Lam,宝琳,Bǎolín,bou2 lam4,ポーラム,hk_tkl,
hk_racecourse,馬場,Racecourse,馬場,Mǎchǎng,maa5 coeng4,マーチョン,hk_eal,
hk_shatin,沙田,Sha Tin,沙田,Shātián,saa1 tin4,シャティン,hk_eal,
hk_shatinwai,沙田圍,Sha Tin Wai,沙田囲,Shātiánwéi,saa1 tin4 wai4,サーティンワイ,hk_tml,
hk_shekmun,石門,Shek Mun,石門,Shímén,sek6 mun4,セックムン,hk_tml,
hk_sheungshui,上水,Sheung Shui,上水,Shàngshuǐ,soeng6 seoi2,ションソイ,hk_eal,
hk_siuhong,兆康,Siu Hong,兆康,Zhàokāng,siu6 hong1,シウホン,hk_tml,
hk_sunnybay,欣澳,Sunny Bay,欣澳,Xīn'ào,jan1 ou3,ヤンオー,hk_tcl/hk_drl,
hk_taipomarket,大埔墟,Tai Po Market,大埔墟,Dàbùxū,daai6 bou3 heoi1,タイポーホイ,hk_eal,
hk_taishuihang,大水坑,Tai Shui Hang,大水坑,Dàshuǐkēng,daai6 seoi2 haang1,タイソイハン,hk_tml,
hk_taiwai,大圍,Tai Wai,大囲,Dàwéi,daai6 wai4,タイワイ,hk_eal/hk_tml,
hk_taiwo,太和,Tai Wo,太和,Tàihé,taai3 wo4,タイウォー,hk_eal,
hk_taiwohau,大窩口,Tai Wo Hau,大窩口,Dàwōkǒu,daai6 wo1 hau2,タイウォーハウ,hk_twl,
hk_tinshuiwai,天水圍,Tin Shui Wai,天水囲,Tiānshuǐwéi,tin1 seoi2 wai4,ティンソイワイ,hk_tml,
hk_tiukengleng,調景嶺,Tiu Keng Leng,調景嶺,Diàojǐnglǐng,tiu4 ging2 leng5,ティウキンレン,hk_ktl/hk_tkl,
hk_tram_admiraltymtrstation,金鐘港鐵站,Admiralty MTR Station,金鐘港鉄站,Jīnzhōnggǎngtiězhàn,gam1 zung1 gong2 tit3 zaam6,カムチョンコンティットチャム,hk_tram,
hk_tram_arsenalstreet,軍器廠街,Arsenal Street,軍器廠街,Jūnqìchǎng Jiē,gwan1 hei3 cong2 gaai1,クワンヘイチョン・カイ,hk_tram,
hk_tram_bankstreet,銀行街,Bank Street,銀行街,Yínháng Jiē,ngan4 hong4 gaai1,ガンホン・カイ,hk_tram,
hk_tram_broadwoodroad,樂活道,Broadwood Road,楽活道,Lèhuó Dào,lok6 wut6 dou6,ロックウット・トー,hk_tram,
hk_tram_burrowsstreet,巴路士街,Burrows Street,巴路士街,Bālùshì Jiē,baa1 lou6 si6 gaai1,パーローシー・カイ,hk_tram,
hk_tram_canalroadwest,堅拿道西,Canal Road West,堅拿道西,Jiānná Dào Xī,gin1 naa4 dou6 sai1,キンナー・トー・サイ,hk_tram,
hk_tram_causewaybayterminus,銅鑼灣總站,Causeway Bay Terminus,銅鑼湾総站,Tóngluówān Zǒngzhàn,tung4 lo4 waan1 zung2 zaam6,トンローワン・チョンチャム,hk_tram,
hk_tram_chaiwanroad,柴灣道,Chai Wan Road,柴湾道,Cháiwān Dào,caai4 waan1 dou6,チャイワン・トー,hk_tram,
hk_tram_chunyeungstreet,春秧街,Chun Yeung Street,春秧街,Chūnyāng Jiē,ceon1 joeng1 gaai1,チョンヨン・カイ,hk_tram,
hk_tram_connaughtroadwest,干諾道西,Connaught Road West,干諾道西,Gànnuò Dào Xī,gon1 nok6 dou6 sai1,コンノック・トー・サイ,hk_tram,
hk_tram_cottontreedrive,紅棉道,Cotton Tree Drive,紅棉道,Hóngmián Dào,hung4 min4 dou6,ホンミン・トー,hk_tram,
hk_tram_davisstreet,爹核士街,Davis Street,爹核士街,Diēhéshì Jiē,de1 hat6 si6 gaai1,テーハットシー・カイ,hk_tram,
hk_tram_easternstreet,東邊街,Eastern Street,東辺街,Dōngbiān Jiē,dung1 bin1 gaai1,トンピン・カイ,hk_tram,
hk_tram_fenwickstreet,分域街,Fenwick Street,分域街,Fēnyù Jiē,fan1 wik6 gaai1,ファンウィック・カイ,hk_tram,
hk_tram_finniestreet,芬尼街,Finnie Street,芬尼街,Fēnní Jiē,fan1 nei4 gaai1,ファンネイ・カイ,hk_tram,
hk_tram_flemingroad,菲林明道,Fleming Road,菲林明道,Fēilínmíng Dào,fei1 lam4 ming4 dou6,フェイラムミン・トー,hk_tram,
hk_tram_gilmanstreet,機利文街,Gilman Street,機利文街,Jīlìwén Jiē,gei1 lei6 man4 gaai1,ケイレイマン・カイ,hk_tram,
hk_tram_gressonstreet,機利臣街,Gresson Street,機利臣街,Jīlìchén Jiē,gei1 lei6 san4 gaai1,ケイレイサン・カイ,hk_tram,
hk_tram_happyvalleyterminus,跑馬地總站,Happy Valley Terminus,跑馬地総站,Pǎomǎdì Zǒngzhàn,paau2 maa5 dei2 zung2 zaam6,パウマーテイ・チョンチャム,hk_tram,
hk_tram_healthystreeteast,健康東街,Healthy Street East,健康東街,Jiànkāngdōng Jiē,gin6 hong1 dung1 gaai1,キンホントン・カイ,hk_tram,
hk_tram_healthystreetwest,健康西街,Healthy Street West,健康西街,Jiànkāngxī Jiē,gin6 hong1 sai1 gaai1,キンホンサイ・カイ,hk_tram,
hk_tram_hillierstreet,禧利街,Hillier Street,禧利街,Xǐlì Jiē,hei1 lei6 gaai1,ヘイレイ・カイ,hk_tram,
hk_tram_hillroad,山道,Hill Road,山道,Shān Dào,saan1 dou6,サン・トー,hk_tram,
hk_tram_hingfatstreet,興發街,Hing Fat Street,興発街,Xīngfā Jiē,hing1 faat3 gaai1,ヒンファット・カイ,hk_tram,
hk_tram_hoifoostreet,海富街,Hoi Foo Street,海富街,Hǎifù Jiē,hoi2 fu3 gaai1,ホイフー・カイ,hk_tram,
hk_tram_hollandstreet,荷蘭街,Holland Street,荷蘭街,Hélán Jiē,ho4 laan1 gaai1,ホーラン・カイ,hk_tram,
hk_tram_holycrosspath,聖十字徑,Holy Cross Path,聖十字径,Shèngshízìjìng,sing3 sap6 zi6 ging3,シンサップチーキン,hk_tram,
hk_tram_hongkongcemetery,香港墳場,Hong Kong Cemetery,香港墳場,Xiānggǎngfénchǎng,hoeng1 gong2 fan4 coeng4,ヒョンコンファンチョン,hk_tram,
hk_tram_icehousestreet,雪廠街,Ice House Street,雪廠街,Xuěchǎng Jiē,syut3 cong2 gaai1,シュットチョン・カイ,hk_tram,
hk_tram_javaroad,渣華道,Java Road,渣華道,Zhāhuá Dào,zaa1 waa4 dou6,チャーワー・トー,hk_tram,
hk_tram_jubileestreet,租庇利街,Jubilee Street,租庇利街,Zūbìlì Jiē,zou1 bei3 lei6 gaai1,チョーペイレイ・カイ,hk_tram,
hk_tram_jupiterstreet,木星街,Jupiter Street,木星街,Mùxīng Jiē,muk6 sing1 gaai1,モックシン・カイ,hk_tram,
hk_tram_kennedytownpraya,堅彌地城海旁,Kennedy Town Praya,堅弥地城海旁,Jiānmídìchénghǎipáng,gin1 nei4 dei6 sing4 hoi2 pong4,キンネイテイシンホイポン,hk_tram,
hk_tram_kennedytownterminus,堅尼地城總站,Kennedy Town Terminus,堅尼地城総站,Jiānnídìchéng Zǒngzhàn,gin1 nei4 dei6 sing4 zung2 zaam6,キンネイテイシン・チョンチャム,hk_tram,
hk_tram_kornhill,康山,Kornhill,康山,Kāngshān,hong1 saan1,ホンサン,hk_tram,
hk_tram_laulistreet,琉璃街,Lau Li Street,琉璃街,Liúlí Jiē,lau4 lei4 gaai1,ラウレイ・カイ,hk_tram,
hk_tram_lausinstreet,留仙街,Lau Sin Street,留仙街,Liúxiān Jiē,lau4 sin1 gaai1,ラウシン・カイ,hk_tram,
hk_tram_leightonroad,禮頓道,Leighton Road,礼頓道,Lǐdùn Dào,lai5 deon6 dou6,ライトン・トー,hk_tram,
hk_tram_luardroad,盧押道,Luard Road,盧押道,Lúyā Dào,lou4 aat3 dou6,ローアット・トー,hk_tram,
hk_tram_macauferryterminal,港澳碼頭,Macau Ferry Terminal,港澳碼頭,Gǎng'ào Mǎtóu,gong2 ou3 maa5 tau4,コンオー・マータウ,hk_tram,
hk_tram_manwalane,文華里,Man Wa Lane,文華里,Wénhuá Lǐ,man4 waa4 lei5,マンワー・レイ,hk_tram,
hk_tram_morrisonhillroad,摩理臣山道,Morrison Hill Road,摩理臣山道,Mólǐchénshān Dào,mo1 lei5 san4 saan1 dou6,モーレイサンサン・トー,hk_tram,
hk_tram_mountparkerroad,柏架山道,Mount Parker Road,柏架山道,Bǎijiàshān Dào,paak3 gaa3 saan1 dou6,パックカーサン・トー,hk_tram,
hk_tram_murrayroad,美利道,Murray Road,美利道,Měilì Dào,mei5 lei6 dou6,メイレイ・トー,hk_tram,
hk_tram_namhongstreet,南康街,Nam Hong Street,南康街,Nánkāng Jiē,naam4 hong1 gaai1,ナムホン・カイ,hk_tram,
hk_tram_northpointroad,北角道,North Point Road,北角道,Běijiǎo Dào,bak1 gok3 dou6,パックコック・トー,hk_tram,
hk_tram_northpointterminus,北角總站,North Point Terminus,北角総站,Běijiǎo Zǒngzhàn,bak1 gok3 zung2 zaam6,パックコック・チョンチャム,hk_tram,
hk_tram_northstreet,北街,North Street,北街,Běi Jiē,bak1 gaai1,パック・カイ,hk_tram,
hk_tram_obrienroad,柯布連道,O'Brien Road,柯布連道,Kēbùlián Dào,o1 bou3 lin4 dou6,オーポーリン・トー,hk_tram,
hk_tram_patersonstreet,百德新街,Paterson Street,百徳新街,Bǎidéxīn Jiē,baak3 dak1 san1 gaai1,パックタックサン・カイ,hk_tram,
hk_tram_pedderstreet,畢打街,Pedder Street,畢打街,Bìdǎ Jiē,bat1 daa2 gaai1,パットター・カイ,hk_tram,
hk_tram_penningtonstreet,邊寧頓街,Pennington Street,辺寧頓街,Biānníngdùn Jiē,bin1 ning4 deon6 gaai1,ピンニントン・カイ,hk_tram,
hk_tram_percivalstreet,波斯富街,Percival Street,波斯富街,Bōsīfù Jiē,bo1 si1 fu3 gaai1,ポーシーフー・カイ,hk_tram,
hk_tram_pottingerstreet,砵典乍街,Pottinger Street,砵典乍街,Bōdiǎnzhà Jiē,but3 din2 zaa3 gaai1,プットティンチャー・カイ,hk_tram,
hk_tram_queensroadeast,皇后大道東,Queen's Road East,皇后大道東,Huánghòu Dàdào Dōng,wong4 hau6 daai6 dou6 dung1,ウォンハウ・タイトー・トン,hk_tram,
hk_tram_queensroadwest,皇后大道西,Queen's Road West,皇后大道西,Huánghòu Dàdào Xī,wong4 hau6 daai6 dou6 sai1,ウォンハウ・タイトー・サイ,hk_tram,
hk_tram_queenstreet,皇后街,Queen Street,皇后街,Huánghòu Jiē,wong4 hau6 gaai1,ウォンハウ・カイ,hk_tram,
hk_tram_sandsstreet,山市街,Sands Street,山市街,Shānshì Jiē,saan1 si5 gaai1,サンシー・カイ,hk_tram,
hk_tram_shaukeiwanterminus,筲箕灣總站,Shau Kei Wan Terminus,筲箕湾総站,Shāojīwān Zǒngzhàn,saau1 gei1 waan1 zung2 zaam6,サウケイワン・チョンチャム,hk_tram,
hk_tram_shektongtsuiterminus,石塘咀總站,Shek Tong Tsui Terminus,石塘咀総站,Shítángjǔ Zǒngzhàn,sek6 tong4 zeoi2 zung2 zaam6,セックトンチョイ・チョンチャム,hk_tram,
hk_tram_shelterstreet,信德街,Shelter Street,信徳街,Xìndé Jiē,seon3 dak1 gaai1,ソンタック・カイ,hk_tram,
hk_tram_shipyardlane,船塢里,Shipyard Lane,船塢里,Chuánwù Lǐ,syun4 ou3 lei5,シュンオー・レイ,hk_tram,
hk_tram_shukukstreet,書局街,Shu Kuk Street,書局街,Shūjú Jiē,syu1 guk6 gaai1,シューコック・カイ,hk_tram,
hk_tram_smithfield,士美菲路,Smithfield,士美菲路,Shìměifēi Lù,si6 mei5 fei1 lou6,シーメイフェイ・ロー,hk_tram,
hk_tram_sunsingstreet,新成街,Sun Sing Street,新成街,Xīnchéng Jiē,san1 sing4 gaai1,サンシン・カイ,hk_tram,
hk_tram_sutherlandstreet,修打蘭街,Sutherland Street,修打蘭街,Xiūdǎlán Jiē,sau1 daa2 laan4 gaai1,サウターラン・カイ,hk_tram,
hk_tram_swatowstreet,汕頭街,Swatow Street,汕頭街,Shàntóu Jiē,saan3 tau4 gaai1,サンタウ・カイ,hk_tram,
hk_tram_taihongstreet,太康街,Tai Hong Street,太康街,Tàikāng Jiē,taai3 hong1 gaai1,タイホン・カイ,hk_tram,
hk_tram_taikooshingroad,太古城道,Tai Koo Shing Road,太古城道,Tàigǔchéng Dào,taai3 gu2 sing4 dou6,タイクーシン・トー,hk_tram,
hk_tram_taionstreet,太安街,Tai On Street,太安街,Tài'ān Jiē,taai3 on1 gaai1,タイオン・カイ,hk_tram,
hk_tram_tinchiustreet,電照街,Tin Chiu Street,電照街,Diànzhào Jiē,din6 ziu3 gaai1,ティンチウ・カイ,hk_tram,
hk_tram_tinloklane,天樂里,Tin Lok Lane,天楽里,Tiānlè Lǐ,tin1 lok6 lei5,ティンロック・レイ,hk_tram,
hk_tram_tonnochyroad,杜老誌道,Tonnochy Road,杜老誌道,Dùlǎozhì Dào,dou6 lou5 zi3 dou6,トーローチー・トー,hk_tram,
hk_tram_victoriapark,維多利亞公園,Victoria Park,維多利亜公園,Wéiduōlìyà Gōngyuán,wai4 do1 lei6 aa3 gung1 jyun4,ワイトーレイアー・コンユン,hk_tram,
hk_tram_waterstreet,水街,Water Street,水街,Shuǐ Jiē,seoi2 gaai1,ソイ・カイ,hk_tram,
hk_tram_westernmarket,上環街市,Western Market,上環街市,Shànghuánjiēshì,soeng6 waan4 gaai1 si5,ションワンカイシー,hk_tram,
hk_tram_westernmarketterminus,上環(西港城)總站,Western Market Terminus,上環(西港城)総站,Shànghuán (Xīgǎngchéng) Zǒngzhàn,soeng6 waan4 (sai1 gong2 sing4) zung2 zaam6,ションワン(サイコンシン)・チョンチャム,hk_tram,
hk_tram_westernstreet,西邊街,Western Street,西辺街,Xībiān Jiē,sai1 bin1 gaai1,サイピン・カイ,hk_tram,
hk_tram_whittystreet,屈地街,Whitty Street,屈地街,Qūdì Jiē,wat1 dei6 gaai1,ワットテイ・カイ,hk_tram,
hk_tram_winghingstreet,永興街,Wing Hing Street,永興街,Yǒngxīng Jiē,wing5 hing1 gaai1,ウィンヒン・カイ,hk_tram,
hk_tram_wongnaichungroad,黃泥涌道,Wong Nai Chung Road,黄泥涌道,Huángníchōng Dào,wong4 nai4 cung1 dou6,ウォンナイチョン・トー,hk_tram,
hk_tseungkwano,將軍澳,Tseung Kwan O,将軍澳,Jiāngjūn'ào,zoeng1 gwan1 ou3,チョンクワンオー,hk_tkl,
hk_tsingyi,青衣,Tsing Yi,青衣,Qīngyī,cing1 ji1,チンイー,hk_tcl/hk_ael,
hk_tsuenwan,荃灣,Tsuen Wan,荃湾,Quánwān,cyun4 waan1,チュンワン,hk_twl,
hk_tsuenwanwest,荃灣西,Tsuen Wan West,荃湾西,Quánwān Xī,cyun4 waan1 sai1,チュンワン・サイ,hk_tml,
hk_tuenmun,屯門,Tuen Mun,屯門,Túnmén,tyun4 mun4,トゥエンムン,hk_tml,
hk_tungchung,東涌,Tung Chung,東涌,Dōngchōng,dung1 cung1,トンチョン,hk_tcl,
hk_university,大學,University,大学,Dàxué,daai6 hok6,タイホック,hk_eal,
hk_wukaisha,烏溪沙,Wu Kai Sha,烏渓沙,Wūxīshā,wu1 kai1 saa1,ウーカイサー,hk_tml,
hk_yautong,油塘,Yau Tong,油塘,Yóutáng,jau4 tong4,ヤウトン,hk_ktl/hk_tkl,
hk_yuenlong,元朗,Yuen Long,元朗,Yuánlǎng,jyun4 long5,ユンロン,hk_tml,
hk_admiralty,金鐘,Admiralty,金鐘,Jīnzhōng,gam1 zung1,カムチョン,hk_isl/hk_twl/hk_sil/hk_eal,1
hk_austin,柯士甸,Austin,柯士甸,Kēshìdiān,o1 si6 din1,オーシーティン,hk_tml,1
hk_causewaybay,銅鑼灣,Causeway Bay,銅鑼湾,Tóngluówān,tung4 lo4 waan1,トンローワン,hk_isl,1
hk_central,中環,Central,中環,Zhōnghuán,zung1 waan4,チョンワン,hk_isl/hk_twl,1
hk_cheungshawan,長沙灣,Cheung Sha Wan,長沙湾,Chángshāwān,coeng4 saa1 waan4,チョンサーワン,hk_twl,1
hk_diamondhill,鑽石山,Diamond Hill,鑽石山,Zuànshíshān,zyun3 sek6 saan1,チュンセックサン,hk_ktl/hk_tml,1
hk_easttsimshatsui,尖東,East Tsim Sha Tsui,尖東,Jiāndōng,zim1 dung1,チムトン,hk_tml,1
hk_exhibitioncentre,會展,Exhibition Centre,会展,Huìzhǎn,wui6 zin2,ウイチン,hk_eal,1
hk_fortresshill,炮台山,Fortress Hill,炮台山,Pàotáishān,paau3 toi4 saan1,パウトイサン,hk_isl,1
hk_hku,香港大學,HKU,香港大学,Xiānggǎng Dàxué,hoeng1 gong2 daai6 hok6,ホンコン・タイホック,hk_isl,1
hk_homantin,何文田,Ho Man Tin,何文田,Héwéntián,ho4 man4 tin4,ホーマンティン,hk_ktl/hk_tml,1
hk_hongkong,香港,Hong Kong,香港,Xiānggǎng,hoeng1 gong2,ホンコン,hk_tcl/hk_ael,1
hk_hunghom,紅磡,Hung Hom,紅磡,Hóngkàn,hung4 ham3,ホンハム,hk_eal/hk_tml,1
hk_jordan,佐敦,Jordan,佐敦,Zuǒdūn,zo2 deon1,チョートン,hk_twl,1
hk_kaitak,啟德,Kai Tak,啓徳,Qǐdé,kai2 dak1,カイタック,hk_tml,1
hk_kennedytown,堅尼地城,Kennedy Town,堅尼地城,Jiānnídìchéng,gin1 nei4 dei6 sing4,キンネイテイシン,hk_isl,1
hk_kowloon,九龍,Kowloon,九龍,Jiǔlóng,gau2 lung4,カオルーン,hk_tcl/hk_ael,1
hk_kowloonbay,九龍灣,Kowloon Bay,九龍湾,Jiǔlóngwān,gau2 lung4 waan1,カオルーンワン,hk_ktl,1
hk_kowloontong,九龍塘,Kowloon Tong,九龍塘,Jiǔlóngtáng,gau2 lung4 tong4,カオルーントン,hk_ktl/hk_eal,1
hk_kwuntong,觀塘,Kwun Tong,観塘,Guāntáng,gun1 tong4,クントン,hk_ktl,1
hk_laichikok,荔枝角,Lai Chi Kok,茘枝角,Lìzhījiǎo,lai6 zi1 gok3,ライチーコック,hk_twl,1
hk_leitung,利東,Lei Tung,利東,Lìdōng,lei6 dung1,レイトン,hk_sil,1
hk_lokfu,樂富,Lok Fu,楽富,Lèfù,lok6 fu3,ロックフー,hk_ktl,1
hk_meifoo,美孚,Mei Foo,美孚,Měifú,mei5 fu1,メイフー,hk_twl/hk_tml,1
hk_mongkok,旺角,Mong Kok,旺角,Wàngjiǎo,wong6 gok3,モンコック,hk_twl/hk_ktl,1
hk_mongkokeast,旺角東,Mong Kok East,旺角東,Wàngjiǎo Dōng,wong6 gok3 dung1,モンコック・トン,hk_eal,1
hk_namcheong,南昌,Nam Cheong,南昌,Nánchāng,naam4 coeng1,ナムチョン,hk_tcl/hk_tml,1
hk_ngautaukok,牛頭角,Ngau Tau Kok,牛頭角,Niútóujiǎo,ngau4 tau4 gok3,ガウタウコック,hk_ktl,1
hk_northpoint,北角,North Point,北角,Běijiǎo,bak1 gok3,パックコック,hk_isl/hk_tkl,1
hk_oceanpark,海洋公園,Ocean Park,海洋公園,Hǎiyáng Gōngyuán,hoi2 joeng4 gung1 jyun2,ホイヨン・コンユン,hk_sil,1
hk_olympic,奧運,Olympic,奥運,Àoyùn,ou3 wan6,オーワン,hk_tcl,1
hk_princeedward,太子,Prince Edward,太子,Tàizǐ,taai3 zi2,タイチー,hk_twl/hk_ktl,1
hk_quarrybay,鰂魚涌,Quarry Bay,鰂魚涌,Zéiyúchōng,zak1 jyu4 cung1,チャックユーチョン,hk_isl/hk_tkl,1
hk_saiwanho,西灣河,Sai Wan Ho,西湾河,Xīwānhé,sai1 waan1 ho2,サイワンホー,hk_isl,1
hk_saiyingpun,西營盤,Sai Ying Pun,西営盤,Xīyíngpán,sai1 jing4 pun4,サイインプン,hk_isl,1
hk_shamshuipo,深水埗,Sham Shui Po,深水埗,Shēnshuǐbù,sam1 seoi2 bou2,シャムスイポー,hk_twl,1
hk_shaukeiwan,筲箕灣,Shau Kei Wan,筲箕湾,Shāojīwān,saau1 gei1 waan1,サウケイワン,hk_isl,1
hk_shekkipmei,石硤尾,Shek Kip Mei,石硤尾,Shíxiáwěi,sek6 gip3 mei5,セックキップメイ,hk_ktl,1
hk_sheungwan,上環,Sheung Wan,上環,Shànghuán,soeng6 waan4,ションワン,hk_isl,1
hk_southhorizons,海怡半島,South Horizons,海怡半島,Hǎiyí Bàndǎo,hoi2 ji4 bun3 dou2,ホイイー・プントー,hk_sil,1
hk_sungwongtoi,宋皇臺,Sung Wong Toi,宋皇台,Sònghuángtái,sung3 wong4 toi4,ソンウォントイ,hk_tml,1
hk_taikoo,太古,Tai Koo,太古,Tàigǔ,taai3 gu2,タイクー,hk_isl,1
hk_tinhau,天后,Tin Hau,天后,Tiānhòu,tin1 hau6,ティンハウ,hk_isl,1
hk_tokwawan,土瓜灣,To Kwa Wan,土瓜湾,Tǔguāwān,tou2 gwaa1 waan4,トークワーワン,hk_tml,1
hk_tram_fortresshill,炮台山,Fortress Hill,炮台山,Pàotáishān,paau3 toi4 saan1,パウトイサン,hk_tram,1
hk_tsimshatsui,尖沙咀,Tsim Sha Tsui,尖沙咀,Jiānshājǔ,zim1 saa1 zeoi2,チムサーチョイ,hk_twl,1
hk_wanchai,灣仔,Wan Chai,湾仔,Wānzǎi,waan1 zai2,ワンチャイ,hk_isl,1
hk_whampoa,黃埔,Whampoa,黄埔,Huángpǔ,wong4 bou3,ウォンポー,hk_ktl,1
hk_wongchukhang,黃竹坑,Wong Chuk Hang,黄竹坑,Huángzhúkēng,wong4 zuk1 haang1,ウォンチョックハン,hk_sil,1
hk_wongtaisin,黃大仙,Wong Tai Sin,黄大仙,Huángdàxiān,wong4 daai6 sin1,ウォンタイシン,hk_ktl,1
hk_yaumatei,油麻地,Yau Ma Tei,油麻地,Yóumádì,jau4 maa4 dei2,ヤウマテイ,hk_twl/hk_ktl,1
