id,原表記,日本漢字,ピンイン,カタカナ,路線,確認済み
sh_baiyinlu,白银路,白銀路,Báiyín Lù,バイイン・ルー,sh_11,
sh_boxinglu,博兴路,博興路,Bóxīng Lù,ボーシン・ルー,sh_6,
sh_beicai,北蔡,北蔡,Běicài,ベイツァイ,sh_13,
sh_beiqiao,北桥,北橋,Běiqiáo,ベイチャオ,sh_5,
sh_beixinjing,北新泾,北新涇,Běixīnjīng,ベイシンジン,sh_2,
sh_beiyangjinglu,北洋泾路,北洋涇路,Běiyángjīng Lù,ベイヤンジン・ルー,sh_6,
sh_beizhonglu,北中路,北中路,Běizhōng Lù,ベイジョン・ルー,sh_18,
sh_baoangonglu,宝安公路,宝安公路,Bǎo'ān Gōnglù,バオアン・ゴンルー,sh_1,
sh_baoshanlu,宝山路,宝山路,Bǎoshān Lù,バオシャン・ルー,sh_3/sh_4,
sh_baoyanglu,宝杨路,宝楊路,Bǎoyáng Lù,バオヤン・ルー,sh_3,
sh_changfenggongyuan,长风公园,長風公園,Chángfēng Gōngyuán,チャンフォン・ゴンユエン,sh_15,
sh_changjiangnanlu,长江南路,長江南路,Chángjiāng Nán Lù,チャンジアン・ナンルー,sh_3/sh_18,
sh_changjiangxilu,长江西路,長江西路,Chángjiāng Xī Lù,チャンジアン・シールー,sh_18,
sh_changqinglu,长清路,長清路,Chángqīng Lù,チャンチン・ルー,sh_7/sh_13,
sh_changshoulu,长寿路,長寿路,Chángshòu Lù,チャンショウ・ルー,sh_7/sh_13,
sh_chenchunlu,陈春路,陳春路,Chénchūn Lù,チェンチュン・ルー,sh_13,
sh_chengshanlu,成山路,成山路,Chéngshān Lù,チョンシャン・ルー,sh_8/sh_13,
sh_chenxianggonglu,陈翔公路,陳翔公路,Chénxiáng Gōnglù,チェンシアン・ゴンルー,sh_11,
sh_chifenglu,赤峰路,赤峰路,Chìfēng Lù,チーフォン・ルー,sh_3,
sh_changjidonglu,昌吉东路,昌吉東路,Chāngjí Dōng Lù,チャンジー・ドンルー,sh_11,
sh_changyilu,昌邑路,昌邑路,Chāngyì Lù,チャンイー・ルー,sh_14/sh_18,
sh_chunshenlu,春申路,春申路,Chūnshēn Lù,チュンシェン・ルー,sh_5,
sh_changzhonglu,场中路,場中路,Chǎngzhōng Lù,チャンジョン・ルー,sh_7,
sh_caolu,曹路,曹路,Cáo Lù,ツァオ・ルー,sh_9,
sh_caobaolu,漕宝路,漕宝路,Cáobǎo Lù,ツァオバオ・ルー,sh_1/sh_12,
sh_caohejingkaifaqu,漕河泾开发区,漕河涇開発区,Cáohéjīng Kāifāqū,ツァオホージン・カイファーチュー,sh_9,
sh_caoxilu,漕溪路,漕渓路,Cáoxī Lù,ツァオシー・ルー,sh_3,
sh_caoyanglu,曹杨路,曹楊路,Cáoyáng Lù,ツァオヤン・ルー,sh_3/sh_4/sh_11/sh_14,
sh_caoyinglu,漕盈路,漕盈路,Cáoyíng Lù,ツァオイン・ルー,sh_17,
sh_dianshanhudadao,淀山湖大道,淀山湖大道,Diànshānhú Dàdào,ディエンシャンフー・ダーダオ,sh_17,
sh_dabaishu,大柏树,大柏樹,Dàbǎishù,ダーバイシュー,sh_3,
sh_dachangzhen,大场镇,大場鎮,Dàchǎngzhèn,ダーチャンジェン,sh_7,
sh_daduhelu,大渡河路,大渡河路,Dàdùhé Lù,ダードゥーホー・ルー,sh_13/sh_15,
sh_dahuasanlu,大华三路,大華三路,Dàhuá Sān Lù,ダーホア・サンルー,sh_7,
sh_dalianlu,大连路,大連路,Dàlián Lù,ダーリエン・ルー,sh_4/sh_12,
sh_depinglu,德平路,徳平路,Dépíng Lù,ドーピン・ルー,sh_6,
sh_dingbianlu,定边路,定辺路,Dìngbiān Lù,ディンビエン・ルー,sh_14,
sh_dishini,迪士尼,迪士尼,Díshìní,ディーシーニー,sh_11,
sh_dongjing,洞泾,洞涇,Dòngjīng,ドンジン,sh_9,
sh_danyanglu,丹阳路,丹陽路,Dānyáng Lù,ダンヤン・ルー,sh_18,
sh_dishuihu,滴水湖,滴水湖,Dīshuǐhú,ディーシュイフー,sh_16,
sh_donganlu,东安路,東安路,Dōng'ān Lù,ドンアン・ルー,sh_4/sh_7,
sh_dongbaoxinglu,东宝兴路,東宝興路,Dōngbǎoxīng Lù,ドンバオシン・ルー,sh_3,
sh_dongchuanlu,东川路,東川路,Dōngchuān Lù,ドンチュアン・ルー,sh_5,
sh_dongchengyilu,东城一路,東城一路,Dōngchéng Yī Lù,ドンチョン・イールー,sh_pujiang,
sh_dongfangluzhou,东方绿舟,東方緑舟,Dōngfāng Lǜzhōu,ドンファン・リュージョウ,sh_17,
sh_dongfangtiyuzhongxin,东方体育中心,東方体育中心,Dōngfāng Tǐyù Zhōngxīn,ドンファン・ティーユー・ジョンシン,sh_6/sh_8/sh_11,
sh_dongjinglu,东靖路,東靖路,Dōngjìng Lù,ドンジン・ルー,sh_6,
sh_donglanlu,东兰路,東蘭路,Dōnglán Lù,ドンラン・ルー,sh_12,
sh_donglulu,东陆路,東陸路,Dōnglù Lù,ドンルー・ルー,sh_12,
sh_dongminglu,东明路,東明路,Dōngmíng Lù,ドンミン・ルー,sh_6/sh_13,
sh_fanronglu,繁荣路,繁栄路,Fánróng Lù,ファンロン・ルー,sh_18,
sh_fengpudadao,奉浦大道,奉浦大道,Fèngpǔ Dàdào,フォンプー・ダーダオ,sh_5,
sh_fengxianxincheng,奉贤新城,奉賢新城,Fèngxián Xīnchéng,フォンシエン・シンチョン,sh_5,
sh_fudandaxue,复旦大学,復旦大学,Fùdàn Dàxué,フーダン・ダーシュエ,sh_18,
sh_fujinlu,富锦路,富錦路,Fùjǐn Lù,フージン・ルー,sh_1,
sh_fuxingdao,复兴岛,復興島,Fùxīngdǎo,フーシンダオ,sh_12,
sh_fangdianlu,芳甸路,芳甸路,Fāngdiān Lù,ファンディエン・ルー,sh_9,
sh_fanghualu,芳华路,芳華路,Fānghuá Lù,ファンホア・ルー,sh_7,
sh_fangxinlu,芳芯路,芳芯路,Fāngxīn Lù,ファンシン・ルー,sh_18,
sh_fengbang,封浜,封浜,Fēngbāng,フォンバン,sh_14,
sh_fengqiaolu,枫桥路,楓橋路,Fēngqiáo Lù,フォンチャオ・ルー,sh_11,
sh_fengxianglu,丰翔路,豊翔路,Fēngxiáng Lù,フォンシアン・ルー,sh_15,
sh_fengzhuang,丰庄,豊荘,Fēngzhuāng,フォンジュアン,sh_13,
sh_fushunlu,抚顺路,撫順路,Fǔshùn Lù,フーシュン・ルー,sh_18,
sh_guilingongyuan,桂林公园,桂林公園,Guìlín Gōngyuán,グイリン・ゴンユエン,sh_12/sh_15,
sh_guilinlu,桂林路,桂林路,Guìlín Lù,グイリン・ルー,sh_9/sh_15,
sh_guiqiaolu,桂桥路,桂橋路,Guìqiáo Lù,グイチャオ・ルー,sh_14,
sh_guofanlu,国帆路,国帆路,Guófān Lù,グオファン・ルー,sh_10,
sh_guojiahuizhanzhongxin,国家会展中心,国家会展中心,Guójiā Huìzhǎn Zhōngxīn,グオジャー・フイジャン・ジョンシン,sh_2/sh_17,
sh_guoquanlu,国权路,国権路,Guóquán Lù,グオチュエン・ルー,sh_10/sh_18,
sh_guangminglu,光明路,光明路,Guāngmíng Lù,グアンミン・ルー,sh_11,
sh_gongfuxincun,共富新村,共富新村,Gòngfù Xīncūn,ゴンフー・シンツン,sh_1,
sh_gongkanglu,共康路,共康路,Gòngkāng Lù,ゴンカン・ルー,sh_1,
sh_gucungongyuan,顾村公园,顧村公園,Gùcūn Gōngyuán,グーツン・ゴンユエン,sh_7/sh_15,
sh_gudailu,顾戴路,顧戴路,Gùdài Lù,グーダイ・ルー,sh_12,
sh_gutanglu,顾唐路,顧唐路,Gùtáng Lù,グータン・ルー,sh_9,
sh_gaokexilu,高科西路,高科西路,Gāokē Xī Lù,ガオコー・シールー,sh_6/sh_7,
sh_gaoqiao,高桥,高橋,Gāoqiáo,ガオチャオ,sh_10,
sh_gaoqiaoxi,高桥西,高橋西,Gāoqiáo Xī,ガオチャオ・シー,sh_10,
sh_gaoqinglu,高青路,高青路,Gāoqīng Lù,ガオチン・ルー,sh_6,
sh_gangchenglu,港城路,港城路,Gǎngchéng Lù,ガンチョン・ルー,sh_6/sh_10,
sh_gulanglu,古浪路,古浪路,Gǔlàng Lù,グーラン・ルー,sh_15,
sh_huadongligongdaxue,华东理工大学,華東理工大学,Huádōng Lǐgōng Dàxué,ホアドン・リーゴン・ダーシュエ,sh_15,
sh_huanchengdonglu,环城东路,環城東路,Huánchéng Dōng Lù,ホアンチョン・ドンルー,sh_5,
sh_huangxinggongyuan,黄兴公园,黄興公園,Huángxīng Gōngyuán,ホアンシン・ゴンユエン,sh_8,
sh_huangxinglu,黄兴路,黄興路,Huángxīng Lù,ホアンシン・ルー,sh_8,
sh_huangyanglu,黄杨路,黄楊路,Huángyáng Lù,ホアンヤン・ルー,sh_14,
sh_huaninglu,华宁路,華寧路,Huáníng Lù,ホアニン・ルー,sh_5,
sh_huapenglu,华鹏路,華鵬路,Huápéng Lù,ホアポン・ルー,sh_13,
sh_huaxiaxilu,华夏西路,華夏西路,Huáxià Xī Lù,ホアシア・シールー,sh_6,
sh_huaxiazhonglu,华夏中路,華夏中路,Huáxià Zhōng Lù,ホアシア・ジョンルー,sh_13/sh_16,
sh_huijinlu,汇金路,匯金路,Huìjīn Lù,フイジン・ルー,sh_17,
sh_huinan,惠南,恵南,Huìnán,フイナン,sh_16,
sh_huinandong,惠南东,恵南東,Huìnán Dōng,フイナン・ドン,sh_16,
sh_huizhenlu,汇臻路,匯臻路,Huìzhēn Lù,フイジェン・ルー,sh_pujiang,
sh_huamulu,花木路,花木路,Huāmù Lù,ホアムー・ルー,sh_7,
sh_huaqiao,花桥,花橋,Huāqiáo,ホアチャオ,sh_11,
sh_hangjinlu,航津路,航津路,Hángjīn Lù,ハンジン・ルー,sh_6,
sh_hangtou,航头,航頭,Hángtóu,ハントウ,sh_18,
sh_hangtoudong,航头东,航頭東,Hángtóu Dōng,ハントウ・ドン,sh_16,
sh_hangzhonglu,航中路,航中路,Hángzhōng Lù,ハンジョン・ルー,sh_10,
sh_heshahangcheng,鹤沙航城,鶴沙航城,Hèshā Hángchéng,ホーシャー・ハンチョン,sh_16,
sh_hetaolu,鹤涛路,鶴涛路,Hètāo Lù,ホータオ・ルー,sh_18,
sh_hechuanlu,合川路,合川路,Héchuān Lù,ホーチュアン・ルー,sh_9,
sh_houtan,后滩,後灘,Hòutān,ホウタン,sh_7,
sh_hongbaoshilu,红宝石路,紅宝石路,Hóngbǎoshí Lù,ホンバオシー・ルー,sh_15,
sh_hongcaolu,虹漕路,虹漕路,Hóngcáo Lù,ホンツァオ・ルー,sh_12,
sh_hongkouzuqiuchang,虹口足球场,虹口足球場,Hóngkǒu Zúqiúchǎng,ホンコウ・ズーチウチャン,sh_3/sh_8,
sh_hongmeilu,虹梅路,虹梅路,Hóngméi Lù,ホンメイ・ルー,sh_12,
sh_hongmeinanlu,虹梅南路,虹梅南路,Hóngméi Nán Lù,ホンメイ・ナンルー,sh_15,
sh_hongqiaohuochezhan,虹桥火车站,虹橋火車站,Hóngqiáo Huǒchēzhàn,ホンチャオ・フオチョージャン,sh_2/sh_10/sh_17,
sh_hongqiaolu,虹桥路,虹橋路,Hóngqiáo Lù,ホンチャオ・ルー,sh_3/sh_4/sh_10,
sh_hongqiaoyihaohangzhanlou,虹桥1号航站楼,虹橋1号航站楼,Hóngqiáo Yī Hào Hángzhànlóu,ホンチャオ・イーハオ・ハンジャンロウ,sh_10,
sh_hongqiaoerhaohangzhanlou,虹桥2号航站楼,虹橋2号航站楼,Hóngqiáo Èr Hào Hángzhànlóu,ホンチャオ・アルハオ・ハンジャンロウ,sh_2/sh_10,
sh_hongxinlu,虹莘路,虹莘路,Hóngxīn Lù,ホンシン・ルー,sh_12,
sh_hulanlu,呼兰路,呼蘭路,Hūlán Lù,フーラン・ルー,sh_1/sh_18,
sh_jianchuanlu,剑川路,剣川路,Jiànchuān Lù,ジエンチュアン・ルー,sh_5,
sh_jiadingbei,嘉定北,嘉定北,Jiādìng Běi,ジャーディン・ベイ,sh_11,
sh_jiadingxi,嘉定西,嘉定西,Jiādìng Xī,ジャーディン・シー,sh_11,
sh_jiadingxincheng,嘉定新城,嘉定新城,Jiādìng Xīnchéng,ジャーディン・シンチョン,sh_11,
sh_jiangchuanlu,江川路,江川路,Jiāngchuān Lù,ジアンチュアン・ルー,sh_5,
sh_jiangninglu,江宁路,江寧路,Jiāngníng Lù,ジアンニン・ルー,sh_13,
sh_jiangpugongyuan,江浦公园,江浦公園,Jiāngpǔ Gōngyuán,ジアンプー・ゴンユエン,sh_12/sh_18,
sh_jiangpulu,江浦路,江浦路,Jiāngpǔ Lù,ジアンプー・ルー,sh_8/sh_18,
sh_jiangwantiyuchang,江湾体育场,江湾体育場,Jiāngwān Tǐyùchǎng,ジアンワン・ティーユーチャン,sh_10,
sh_jiangwanzhen,江湾镇,江湾鎮,Jiāngwānzhèn,ジアンワンジェン,sh_3,
sh_jiangyuelu,江月路,江月路,Jiāngyuè Lù,ジアンユエ・ルー,sh_8,
sh_jiangyangbeilu,江杨北路,江楊北路,Jiāngyáng Běi Lù,ジアンヤン・ベイルー,sh_3,
sh_jiasongzhonglu,嘉松中路,嘉松中路,Jiāsōng Zhōng Lù,ジャーソン・ジョンルー,sh_17,
sh_jiayilu,嘉怡路,嘉怡路,Jiāyí Lù,ジャーイー・ルー,sh_14,
sh_jiuting,九亭,九亭,Jiǔtíng,ジウティン,sh_9,
sh_jufenglu,巨峰路,巨峰路,Jùfēng Lù,ジューフォン・ルー,sh_6/sh_12,
sh_jilonglu,基隆路,基隆路,Jīlóng Lù,ジーロン・ルー,sh_10,
sh_jinhailu,金海路,金海路,Jīnhǎi Lù,ジンハイ・ルー,sh_9/sh_12,
sh_jinhaihu,金海湖,金海湖,Jīnhǎihú,ジンハイフー,sh_5,
sh_jinjilu,金吉路,金吉路,Jīnjí Lù,ジンジー・ルー,sh_9,
sh_jinjinglu,金京路,金京路,Jīnjīng Lù,ジンジン・ルー,sh_12,
sh_jinpinglu,金平路,金平路,Jīnpíng Lù,ジンピン・ルー,sh_5,
sh_jinqiao,金桥,金橋,Jīnqiáo,ジンチャオ,sh_9,
sh_jinqiaolu,金桥路,金橋路,Jīnqiáo Lù,ジンチャオ・ルー,sh_6,
sh_jinshajianglu,金沙江路,金沙江路,Jīnshājiāng Lù,ジンシャージアン・ルー,sh_3/sh_4/sh_13,
sh_jinshajiangxilu,金沙江西路,金沙江西路,Jīnshājiāng Xī Lù,ジンシャージアン・シールー,sh_13,
sh_jinyuelu,金粤路,金粤路,Jīnyuè Lù,ジンユエ・ルー,sh_14,
sh_jinyunlu,金运路,金運路,Jīnyùn Lù,ジンユン・ルー,sh_13,
sh_jinghonglu,景洪路,景洪路,Jǐnghóng Lù,ジンホン・ルー,sh_15,
sh_jingxilu,景西路,景西路,Jǐngxī Lù,ジンシー・ルー,sh_15,
sh_jinjiangleyuan,锦江乐园,錦江楽園,Jǐnjiāng Lèyuán,ジンジアン・ローユエン,sh_1,
sh_jinqiulu,锦秋路,錦秋路,Jǐnqiū Lù,ジンチウ・ルー,sh_15,
sh_jinxiulu,锦绣路,錦繍路,Jǐnxiù Lù,ジンシウ・ルー,sh_7,
sh_kanghenglu,康恒路,康恒路,Kānghéng Lù,カンホン・ルー,sh_11,
sh_kangqiao,康桥,康橋,Kāngqiáo,カンチャオ,sh_18,
sh_kangwenlu,康文路,康文路,Kāngwén Lù,カンウェン・ルー,sh_18,
sh_kangxingonglu,康新公路,康新公路,Kāngxīn Gōnglù,カンシン・ゴンルー,sh_11,
sh_lianhualu,莲花路,蓮花路,Liánhuā Lù,リエンホア・ルー,sh_1,
sh_lianhanglu,联航路,連航路,Liánháng Lù,リエンハン・ルー,sh_8,
sh_lianxilu,莲溪路,蓮渓路,Liánxī Lù,リエンシー・ルー,sh_13/sh_18,
sh_liuhang,刘行,劉行,Liúháng,リウハン,sh_7,
sh_luonanxincun,罗南新村,羅南新村,Luónán Xīncūn,ルオナン・シンツン,sh_7,
sh_luoshanlu,罗山路,羅山路,Luóshān Lù,ルオシャン・ルー,sh_11/sh_16,
sh_luoxiulu,罗秀路,羅秀路,Luóxiù Lù,ルオシウ・ルー,sh_15,
sh_lancunlu,蓝村路,藍村路,Láncūn Lù,ランツン・ルー,sh_4/sh_6,
sh_langaolu,岚皋路,嵐皐路,Lángāo Lù,ランガオ・ルー,sh_7,
sh_lantianlu,蓝天路,藍天路,Lántiān Lù,ランティエン・ルー,sh_9/sh_14,
sh_lexiulu,乐秀路,楽秀路,Lèxiù Lù,ローシウ・ルー,sh_14,
sh_lingyannanlu,灵岩南路,霊岩南路,Língyán Nán Lù,リンイエン・ナンルー,sh_6,
sh_lingzhaoxincun,凌兆新村,凌兆新村,Língzhào Xīncūn,リンジャオ・シンツン,sh_8,
sh_lingangdadao,临港大道,臨港大道,Língǎng Dàdào,リンガン・ダーダオ,sh_16,
sh_linpinglu,临平路,臨平路,Línpíng Lù,リンピン・ルー,sh_4,
sh_lintaolu,临洮路,臨洮路,Líntáo Lù,リンタオ・ルー,sh_14,
sh_linyixincun,临沂新村,臨沂新村,Línyí Xīncūn,リンイー・シンツン,sh_6,
sh_longbaixincun,龙柏新村,龍柏新村,Lóngbǎi Xīncūn,ロンバイ・シンツン,sh_10,
sh_longchanglu,隆昌路,隆昌路,Lóngchāng Lù,ロンチャン・ルー,sh_12,
sh_longcaolu,龙漕路,龍漕路,Lóngcáo Lù,ロンツァオ・ルー,sh_3/sh_12,
sh_longdelu,隆德路,隆徳路,Lóngdé Lù,ロンドー・ルー,sh_11/sh_13,
sh_longxilu,龙溪路,龍渓路,Lóngxī Lù,ロンシー・ルー,sh_10,
sh_loushanguanlu,娄山关路,婁山関路,Lóushānguān Lù,ロウシャングアン・ルー,sh_2/sh_15,
sh_luhenglu,芦恒路,芦恒路,Lúhéng Lù,ルーホン・ルー,sh_8,
sh_liziyuan,李子园,李子園,Lǐzǐyuán,リーズーユエン,sh_11,
sh_lubanlu,鲁班路,魯班路,Lǔbān Lù,ルーバン・ルー,sh_4,
sh_meilingbeilu,梅岭北路,梅嶺北路,Méilǐng Běi Lù,メイリン・ベイルー,sh_15,
sh_minleilu,民雷路,民雷路,Mínléi Lù,ミンレイ・ルー,sh_9,
sh_minshenglu,民生路,民生路,Mínshēng Lù,ミンション・ルー,sh_6/sh_18,
sh_meilanhu,美兰湖,美蘭湖,Měilánhú,メイランフー,sh_7,
sh_malu,马陆,馬陸,Mǎlù,マールー,sh_11,
sh_minhangkaifaqu,闵行开发区,閔行開発区,Mǐnháng Kāifāqū,ミンハン・カイファーチュー,sh_5,
sh_minruilu,闵瑞路,閔瑞路,Mǐnruì Lù,ミンルイ・ルー,sh_pujiang,
sh_nanchenlu,南陈路,南陳路,Nánchén Lù,ナンチェン・ルー,sh_7,
sh_nandalu,南大路,南大路,Nándà Lù,ナンダー・ルー,sh_15,
sh_nanpudaqiao,南浦大桥,南浦大橋,Nánpǔ Dàqiáo,ナンプー・ダーチャオ,sh_4,
sh_nanxiang,南翔,南翔,Nánxiáng,ナンシアン,sh_11,
sh_nenjianglu,嫩江路,嫩江路,Nènjiāng Lù,ネンジアン・ルー,sh_8,
sh_ningguolu,宁国路,寧国路,Níngguó Lù,ニングオ・ルー,sh_12,
sh_panlonglu,蟠龙路,蟠龍路,Pánlóng Lù,パンロン・ルー,sh_17,
sh_panxiangluguojiakuaijixueyuan,蟠祥路·国家会计学院,蟠祥路・国家会計学院,Pánxiáng Lù · Guójiā Kuàijì Xuéyuàn,パンシアン・ルー／グオジャー・クアイジー・シュエユエン,sh_2,
sh_pengpuxincun,彭浦新村,彭浦新村,Péngpǔ Xīncūn,ポンプー・シンツン,sh_1,
sh_pinglianglu,平凉路,平涼路,Píngliáng Lù,ピンリアン・ルー,sh_18,
sh_panguanglu,潘广路,潘広路,Pānguǎng Lù,パングアン・ルー,sh_7,
sh_pudianlu,浦电路,浦電路,Pǔdiàn Lù,プーディエン・ルー,sh_6,
sh_pudongzuqiuchang,浦东足球场,浦東足球場,Pǔdōng Zúqiúchǎng,プードン・ズーチウチャン,sh_14,
sh_puhanglu,浦航路,浦航路,Pǔháng Lù,プーハン・ルー,sh_pujiang,
sh_pujiangzhen,浦江镇,浦江鎮,Pǔjiāngzhèn,プージアンジェン,sh_8,
sh_pusanlu,浦三路,浦三路,Pǔsān Lù,プーサン・ルー,sh_11,
sh_qianlu,祁安路,祁安路,Qí'ān Lù,チーアン・ルー,sh_15,
sh_qihualu,祁华路,祁華路,Qíhuá Lù,チーホア・ルー,sh_7,
sh_qilianshanlu,祁连山路,祁連山路,Qíliánshān Lù,チーリエンシャン・ルー,sh_11,
sh_qilianshannanlu,祁连山南路,祁連山南路,Qíliánshān Nán Lù,チーリエンシャン・ナンルー,sh_13,
sh_qibao,七宝,七宝,Qībǎo,チーバオ,sh_9,
sh_qingpuxincheng,青浦新城,青浦新城,Qīngpǔ Xīnchéng,チンプー・シンチョン,sh_17,
sh_qixinlu,七莘路,七莘路,Qīxīn Lù,チーシン・ルー,sh_12,
sh_quyanglu,曲阳路,曲陽路,Qūyáng Lù,チューヤン・ルー,sh_8,
sh_shuangbailu,双柏路,双柏路,Shuāngbǎi Lù,シュアンバイ・ルー,sh_15,
sh_shuangjianglu,双江路,双江路,Shuāngjiāng Lù,シュアンジアン・ルー,sh_10,
sh_shuichenglu,水城路,水城路,Shuǐchéng Lù,シュイチョン・ルー,sh_10,
sh_shuichanlu,水产路,水産路,Shuǐchǎn Lù,シュイチャン・ルー,sh_3,
sh_shangdalu,上大路,上大路,Shàngdà Lù,シャンダー・ルー,sh_7,
sh_shanghaicaijingdaxue,上海财经大学,上海財経大学,Shànghǎi Cáijīng Dàxué,シャンハイ・ツァイジン・ダーシュエ,sh_18,
sh_shanghaidaxue,上海大学,上海大学,Shànghǎi Dàxué,シャンハイ・ダーシュエ,sh_7,
sh_shanghaidongwuyuan,上海动物园,上海動物園,Shànghǎi Dòngwùyuán,シャンハイ・ドンウーユエン,sh_10,
sh_shanghaimaxicheng,上海马戏城,上海馬戯城,Shànghǎi Mǎxìchéng,シャンハイ・マーシーチョン,sh_1,
sh_shanghainanzhan,上海南站,上海南站,Shànghǎi Nánzhàn,シャンハイ・ナンジャン,sh_1/sh_3/sh_15,
sh_shanghaiqichecheng,上海汽车城,上海汽車城,Shànghǎi Qìchēchéng,シャンハイ・チーチョーチョン,sh_11,
sh_shanghaisaichechang,上海赛车场,上海賽車場,Shànghǎi Sàichēchǎng,シャンハイ・サイチョーチャン,sh_11,
sh_shanghaisongjiangzhan,上海松江站,上海松江站,Shànghǎi Sōngjiāngzhàn,シャンハイ・ソンジアンジャン,sh_9,
sh_shanghaitiyuchang,上海体育场,上海体育場,Shànghǎi Tǐyùchǎng,シャンハイ・ティーユーチャン,sh_4,
sh_shanghaitiyuguan,上海体育馆,上海体育館,Shànghǎi Tǐyùguǎn,シャンハイ・ティーユーグアン,sh_1/sh_4,
sh_shanghaixizhan,上海西站,上海西站,Shànghǎi Xīzhàn,シャンハイ・シージャン,sh_11/sh_15,
sh_shanghaiertongyixuezhongxin,上海儿童医学中心,上海児童医学中心,Shànghǎi Értóng Yīxué Zhōngxīn,シャンハイ・アルトン・イーシュエ・ジョンシン,sh_6,
sh_shangnanlu,上南路,上南路,Shàngnán Lù,シャンナン・ルー,sh_6,
sh_sheshan,佘山,佘山,Shéshān,ショーシャン,sh_9,
sh_shiguanglu,市光路,市光路,Shìguāng Lù,シーグアン・ルー,sh_8,
sh_shilonglu,石龙路,石龍路,Shílóng Lù,シーロン・ルー,sh_3,
sh_shenjianglu,申江路,申江路,Shēnjiāng Lù,シェンジアン・ルー,sh_12,
sh_shendugonglu,沈杜公路,沈杜公路,Shěndù Gōnglù,シェンドゥー・ゴンルー,sh_8/sh_pujiang,
sh_shenmeilu,沈梅路,沈梅路,Shěnméi Lù,シェンメイ・ルー,sh_18,
sh_shuyuan,书院,書院,Shūyuàn,シューユエン,sh_16,
sh_shujianlu,曙建路,曙建路,Shǔjiàn Lù,シュージエン・ルー,sh_15,
sh_sijing,泗泾,泗涇,Sìjīng,スージン,sh_9,
sh_sipinglu,四平路,四平路,Sìpíng Lù,スーピン・ルー,sh_8/sh_10,
sh_songyuanlu,宋园路,宋園路,Sòngyuán Lù,ソンユエン・ルー,sh_10,
sh_sanlin,三林,三林,Sānlín,サンリン,sh_11,
sh_sanlindong,三林东,三林東,Sānlín Dōng,サンリン・ドン,sh_11,
sh_sanlugonglu,三鲁公路,三魯公路,Sānlǔ Gōnglù,サンルー・ゴンルー,sh_pujiang,
sh_sanmenlu,三门路,三門路,Sānmén Lù,サンメン・ルー,sh_10,
sh_songbinlu,淞滨路,淞浜路,Sōngbīn Lù,ソンビン・ルー,sh_3,
sh_songfalu,淞发路,淞発路,Sōngfā Lù,ソンファー・ルー,sh_3,
sh_songhonglu,淞虹路,淞虹路,Sōnghóng Lù,ソンホン・ルー,sh_2,
sh_songjiangdaxuecheng,松江大学城,松江大学城,Sōngjiāng Dàxuéchéng,ソンジアン・ダーシュエチョン,sh_9,
sh_songjiangtiyuzhongxin,松江体育中心,松江体育中心,Sōngjiāng Tǐyù Zhōngxīn,ソンジアン・ティーユー・ジョンシン,sh_9,
sh_songjiangxincheng,松江新城,松江新城,Sōngjiāng Xīnchéng,ソンジアン・シンチョン,sh_9,
sh_tielilu,铁力路,鉄力路,Tiělì Lù,ティエリー・ルー,sh_3,
sh_taierzhuanglu,台儿庄路,台児荘路,Tái'érzhuāng Lù,タイアルジュアン・ルー,sh_9,
sh_tangqiao,塘桥,塘橋,Tángqiáo,タンチャオ,sh_4,
sh_taopuxincun,桃浦新村,桃浦新村,Táopǔ Xīncūn,タオプー・シンツン,sh_11,
sh_tongchuanlu,铜川路,銅川路,Tóngchuān Lù,トンチュアン・ルー,sh_14/sh_15,
sh_tongjidaxue,同济大学,同済大学,Tóngjì Dàxué,トンジー・ダーシュエ,sh_10,
sh_tonghexincun,通河新村,通河新村,Tōnghé Xīncūn,トンホー・シンツン,sh_1,
sh_tongnanlu,通南路,通南路,Tōngnán Lù,トンナン・ルー,sh_18,
sh_waigaoqiaobaoshuiqubei,外高桥保税区北,外高橋保税区北,Wàigāoqiáo Bǎoshuìqū Běi,ワイガオチャオ・バオシュイチュー・ベイ,sh_6,
sh_waigaoqiaobaoshuiqunan,外高桥保税区南,外高橋保税区南,Wàigāoqiáo Bǎoshuìqū Nán,ワイガオチャオ・バオシュイチュー・ナン,sh_6,
sh_waihuanlu,外环路,外環路,Wàihuán Lù,ワイホアン・ルー,sh_1,
sh_wangyuanlu,望园路,望園路,Wàngyuán Lù,ワンユエン・ルー,sh_5,
sh_wenshuilu,汶水路,汶水路,Wènshuǐ Lù,ウェンシュイ・ルー,sh_1,
sh_wenjinglu,文井路,文井路,Wénjǐng Lù,ウェンジン・ルー,sh_5,
sh_wuzhonglu,吴中路,呉中路,Wúzhōng Lù,ウージョン・ルー,sh_15,
sh_weininglu,威宁路,威寧路,Wēiníng Lù,ウェイニン・ルー,sh_2,
sh_wujiaochang,五角场,五角場,Wǔjiǎochǎng,ウージャオチャン,sh_10,
sh_wulianlu,五莲路,五蓮路,Wǔlián Lù,ウーリエン・ルー,sh_6,
sh_wuninglu,武宁路,武寧路,Wǔníng Lù,ウーニン・ルー,sh_13/sh_14,
sh_wuweidonglu,武威东路,武威東路,Wǔwēi Dōng Lù,ウーウェイ・ドンルー,sh_15,
sh_wuweilu,武威路,武威路,Wǔwēi Lù,ウーウェイ・ルー,sh_11,
sh_wuzhoudadao,五洲大道,五洲大道,Wǔzhōu Dàdào,ウージョウ・ダーダオ,sh_6,
sh_xiangchenglu,向城路,向城路,Xiàngchéng Lù,シアンチョン・ルー,sh_4,
sh_xiananlu,下南路,下南路,Xiànán Lù,シアナン・ルー,sh_13,
sh_xiasha,下沙,下沙,Xiàshā,シアシャー,sh_18,
sh_xiangyinlu,翔殷路,翔殷路,Xiángyīn Lù,シアンイン・ルー,sh_8,
sh_xiuyanlu,秀沿路,秀沿路,Xiùyán Lù,シウイエン・ルー,sh_11,
sh_xiaotang,萧塘,蕭塘,Xiāotáng,シャオタン,sh_5,
sh_xiepulu,歇浦路,歇浦路,Xiēpǔ Lù,シエプー・ルー,sh_14,
sh_xuelinlu,学林路,学林路,Xuélín Lù,シュエリン・ルー,sh_13,
sh_xingzhilu,行知路,行知路,Xíngzhī Lù,シンジー・ルー,sh_7,
sh_xujingbeicheng,徐泾北城,徐涇北城,Xújīng Běichéng,シュージン・ベイチョン,sh_17,
sh_xuyinglu,徐盈路,徐盈路,Xúyíng Lù,シューイン・ルー,sh_17,
sh_xicen,西岑,西岑,Xīcén,シーツェン,sh_17,
sh_xidu,西渡,西渡,Xīdù,シードゥー,sh_5,
sh_xinchang,新场,新場,Xīnchǎng,シンチャン,sh_16,
sh_xincunlu,新村路,新村路,Xīncūn Lù,シンツン・ルー,sh_7,
sh_xingzhonglu,星中路,星中路,Xīngzhōng Lù,シンジョン・ルー,sh_9,
sh_xinjiangwancheng,新江湾城,新江湾城,Xīnjiāngwānchéng,シンジアンワンチョン,sh_10,
sh_xinzhuang,莘庄,莘荘,Xīnzhuāng,シンジュアン,sh_1/sh_5,
sh_xizangbeilu,西藏北路,西蔵北路,Xīzàng Běi Lù,シーザン・ベイルー,sh_8,
sh_yuanjianglu,元江路,元江路,Yuánjiāng Lù,ユエンジアン・ルー,sh_15,
sh_yuanshenlu,源深路,源深路,Yuánshēn Lù,ユエンシェン・ルー,sh_14,
sh_yuanshentiyuzhongxin,源深体育中心,源深体育中心,Yuánshēn Tǐyù Zhōngxīn,ユエンシェン・ティーユー・ジョンシン,sh_6,
sh_yaohualu,耀华路,耀華路,Yàohuá Lù,ヤオホア・ルー,sh_7/sh_8,
sh_yananxilu,延安西路,延安西路,Yán'ān Xī Lù,イエンアン・シールー,sh_3/sh_4,
sh_yanchanglu,延长路,延長路,Yáncháng Lù,イエンチャン・ルー,sh_1,
sh_yanggaobeilu,杨高北路,楊高北路,Yánggāo Běi Lù,ヤンガオ・ベイルー,sh_12,
sh_yanggaonanlu,杨高南路,楊高南路,Yánggāo Nán Lù,ヤンガオ・ナンルー,sh_7,
sh_yanggaozhonglu,杨高中路,楊高中路,Yánggāo Zhōng Lù,ヤンガオ・ジョンルー,sh_9/sh_18,
sh_yangshupulu,杨树浦路,楊樹浦路,Yángshùpǔ Lù,ヤンシュープー・ルー,sh_4,
sh_yangsi,杨思,楊思,Yángsī,ヤンスー,sh_8,
sh_yanjizhonglu,延吉中路,延吉中路,Yánjí Zhōng Lù,イエンジー・ジョンルー,sh_8,
sh_yaohonglu,姚虹路,姚虹路,Yáohóng Lù,ヤオホン・ルー,sh_15,
sh_yindulu,银都路,銀都路,Yíndū Lù,インドゥー・ルー,sh_5,
sh_yingchunlu,迎春路,迎春路,Yíngchūn Lù,インチュン・ルー,sh_18,
sh_yishanlu,宜山路,宜山路,Yíshān Lù,イーシャン・ルー,sh_3/sh_4/sh_9,
sh_youdianxincun,邮电新村,郵電新村,Yóudiàn Xīncūn,ヨウディエン・シンツン,sh_10,
sh_yuqiao,御桥,御橋,Yùqiáo,ユーチャオ,sh_11/sh_18,
sh_yunshunlu,云顺路,雲順路,Yúnshùn Lù,ユンシュン・ルー,sh_14,
sh_yunshanlu,云山路,雲山路,Yúnshān Lù,ユンシャン・ルー,sh_6/sh_14,
sh_yuntailu,云台路,雲台路,Yúntái Lù,ユンタイ・ルー,sh_7,
sh_yeshengdongwuyuan,野生动物园,野生動物園,Yěshēng Dòngwùyuán,イエション・ドンウーユエン,sh_16,
sh_yililu,伊犁路,伊犁路,Yīlí Lù,イーリー・ルー,sh_10,
sh_yingaodonglu,殷高东路,殷高東路,Yīngāo Dōng Lù,インガオ・ドンルー,sh_10,
sh_yingaolu,殷高路,殷高路,Yīngāo Lù,インガオ・ルー,sh_18,
sh_yingaoxilu,殷高西路,殷高西路,Yīngāo Xī Lù,インガオ・シールー,sh_3,
sh_yongdelu,永德路,永徳路,Yǒngdé Lù,ヨンドー・ルー,sh_15,
sh_youyilu,友谊路,友誼路,Yǒuyì Lù,ヨウイー・ルー,sh_3,
sh_youyixilu,友谊西路,友誼西路,Yǒuyì Xī Lù,ヨウイー・シールー,sh_1,
sh_zhuanqiao,颛桥,顓橋,Zhuānqiáo,ジュアンチャオ,sh_5,
sh_zhaofenglu,兆丰路,兆豊路,Zhàofēng Lù,ジャオフォン・ルー,sh_11,
sh_zhaoxiang,赵巷,趙巷,Zhàoxiàng,ジャオシアン,sh_17,
sh_zhenpinglu,镇坪路,鎮坪路,Zhènpíng Lù,ジェンピン・ルー,sh_3/sh_4/sh_7,
sh_zhanghuabang,张华浜,張華浜,Zhānghuábāng,ジャンホアバン,sh_3,
sh_zhangjianglu,张江路,張江路,Zhāngjiāng Lù,ジャンジアン・ルー,sh_13,
sh_zhenbeilu,真北路,真北路,Zhēnběi Lù,ジェンベイ・ルー,sh_13,
sh_zhenguanglu,真光路,真光路,Zhēnguāng Lù,ジェングアン・ルー,sh_14,
sh_zhenru,真如,真如,Zhēnrú,ジェンルー,sh_11/sh_14,
sh_zhenxinxincun,真新新村,真新新村,Zhēnxīn Xīncūn,ジェンシン・シンツン,sh_14,
sh_zhongchunlu,中春路,中春路,Zhōngchūn Lù,ジョンチュン・ルー,sh_9,
sh_zhongkelu,中科路,中科路,Zhōngkē Lù,ジョンコー・ルー,sh_13,
sh_zhongninglu,中宁路,中寧路,Zhōngníng Lù,ジョンニン・ルー,sh_14,
sh_zhongshanbeilu,中山北路,中山北路,Zhōngshān Běi Lù,ジョンシャン・ベイルー,sh_1,
sh_zhongshangongyuan,中山公园,中山公園,Zhōngshān Gōngyuán,ジョンシャン・ゴンユエン,sh_2/sh_3/sh_4,
sh_zhongtanlu,中潭路,中潭路,Zhōngtán Lù,ジョンタン・ルー,sh_3/sh_4,
sh_zhongxinglu,中兴路,中興路,Zhōngxīng Lù,ジョンシン・ルー,sh_8,
sh_zhouhailu,洲海路,洲海路,Zhōuhǎi Lù,ジョウハイ・ルー,sh_6,
sh_zhoupu,周浦,周浦,Zhōupǔ,ジョウプー,sh_18,
sh_zhoupudong,周浦东,周浦東,Zhōupǔ Dōng,ジョウプー・ドン,sh_16,
sh_zhujiajiao,朱家角,朱家角,Zhūjiājiǎo,ジュージャージャオ,sh_17,
sh_zhumeilu,朱梅路,朱梅路,Zhūméi Lù,ジューメイ・ルー,sh_15,
sh_zuibaichi,醉白池,酔白池,Zuìbáichí,ズイバイチー,sh_9,
sh_zitenglu,紫藤路,紫藤路,Zǐténg Lù,ズートン・ルー,sh_10,
sh_zizhugaoxinqu,紫竹高新区,紫竹高新区,Zǐzhú Gāoxīnqū,ズージュー・ガオシンチュー,sh_15,
sh_aiguolu,爱国路,愛国路,Àiguó Lù,アイグオ・ルー,sh_12,
sh_aihuilu,爱辉路,愛輝路,Àihuī Lù,アイフイ・ルー,sh_18,
sh_anshanxincun,鞍山新村,鞍山新村,Ānshān Xīncūn,アンシャン・シンツン,sh_8,
sh_anting,安亭,安亭,Āntíng,アンティン,sh_11,
sh_chuangxinzhonglu,创新中路,創新中路,Chuàngxīn Zhōng Lù,チュアンシン・ジョンルー,sh_2,1
sh_chuansha,川沙,川沙,Chuānshā,チュアンシャー,sh_2,1
sh_changshulu,常熟路,常熟路,Chángshú Lù,チャンシュー・ルー,sh_1/sh_7,1
sh_changpinglu,昌平路,昌平路,Chāngpíng Lù,チャンピン・ルー,sh_7,1
sh_damuqiaolu,大木桥路,大木橋路,Dàmùqiáo Lù,ダームーチャオ・ルー,sh_4/sh_12,1
sh_dashijie,大世界,大世界,Dàshìjiè,ダーシージエ,sh_8/sh_14,1
sh_dapuqiao,打浦桥,打浦橋,Dǎpǔqiáo,ダープーチャオ,sh_9,1
sh_guojikeyunzhongxin,国际客运中心,国際客運中心,Guójì Kèyùn Zhōngxīn,グオジー・コーユン・ジョンシン,sh_12,1
sh_guanglanlu,广兰路,広蘭路,Guǎnglán Lù,グアンラン・ルー,sh_2,1
sh_huaihaizhonglu,淮海中路,淮海中路,Huáihǎi Zhōng Lù,ホアイハイ・ジョンルー,sh_13,1
sh_huaxiadonglu,华夏东路,華夏東路,Huáxià Dōng Lù,ホアシア・ドンルー,sh_2,1
sh_hanzhonglu,汉中路,漢中路,Hànzhōng Lù,ハンジョン・ルー,sh_1/sh_12/sh_13,1
sh_hengshanlu,衡山路,衡山路,Héngshān Lù,ホンシャン・ルー,sh_1,1
sh_hailunlu,海伦路,海倫路,Hǎilún Lù,ハイルン・ルー,sh_4/sh_10,1
sh_haitiansanlu,海天三路,海天三路,Hǎitiān Sān Lù,ハイティエン・サンルー,sh_2,1
sh_jiangsulu,江苏路,江蘇路,Jiāngsū Lù,ジアンスー・ルー,sh_2/sh_11,1
sh_jiaotongdaxue,交通大学,交通大学,Jiāotōng Dàxué,ジャオトン・ダーシュエ,sh_10/sh_11,1
sh_jiashanlu,嘉善路,嘉善路,Jiāshàn Lù,ジャーシャン・ルー,sh_9/sh_12,1
sh_jingansi,静安寺,静安寺,Jìng'ān Sì,ジンアン・スー,sh_2/sh_7/sh_14,1
sh_jinkelu,金科路,金科路,Jīnkē Lù,ジンコー・ルー,sh_2,1
sh_lingkonglu,凌空路,凌空路,Língkōng Lù,リンコン・ルー,sh_2,1
sh_longhua,龙华,龍華,Lónghuá,ロンホア,sh_11/sh_12,1
sh_longhuazhonglu,龙华中路,龍華中路,Lónghuá Zhōng Lù,ロンホア・ジョンルー,sh_7/sh_12,1
sh_longyaolu,龙耀路,龍耀路,Lóngyào Lù,ロンヤオ・ルー,sh_11,1
sh_longyanglu,龙阳路,龍陽路,Lóngyáng Lù,ロンヤン・ルー,sh_2/sh_7/sh_16/sh_18,1
sh_lujiabanglu,陆家浜路,陸家浜路,Lùjiābāng Lù,ルージャーバン・ルー,sh_8/sh_9,1
sh_lujiazui,陆家嘴,陸家嘴,Lùjiāzuǐ,ルージャーズイ,sh_2/sh_14,1
sh_laoximen,老西门,老西門,Lǎoxīmén,ラオシーメン,sh_8/sh_10,1
sh_madanglu,马当路,馬当路,Mǎdāng Lù,マーダン・ルー,sh_9/sh_13,1
sh_nanjingdonglu,南京东路,南京東路,Nánjīng Dōng Lù,ナンジン・ドンルー,sh_2/sh_10,1
sh_nanjingxilu,南京西路,南京西路,Nánjīng Xī Lù,ナンジン・シールー,sh_2/sh_12/sh_13,1
sh_pudongdadao,浦东大道,浦東大道,Pǔdōng Dàdào,プードン・ダーダオ,sh_4/sh_14,1
sh_pudongnanlu,浦东南路,浦東南路,Pǔdōng Nán Lù,プードン・ナンルー,sh_2/sh_14,1
sh_pudongyihaoerhaohangzhanlou,浦东1号2号航站楼,浦東1号2号航站楼,Pǔdōng Yī Hào Èr Hào Hángzhànlóu,プードン・イーハオ・アルハオ・ハンジャンロウ,sh_2,1
sh_qufulu,曲阜路,曲阜路,Qūfù Lù,チューフー・ルー,sh_8/sh_12,1
sh_renminguangchang,人民广场,人民広場,Rénmín Guǎngchǎng,レンミン・グアンチャン,sh_1/sh_2/sh_8,1
sh_shanghaihuochezhan,上海火车站,上海火車站,Shànghǎi Huǒchēzhàn,シャンハイ・フオチョージャン,sh_1/sh_3/sh_4,1
sh_shanghaikejiguan,上海科技馆,上海科技館,Shànghǎi Kējìguǎn,シャンハイ・コージーグアン,sh_2,1
sh_shanghaitushuguan,上海图书馆,上海図書館,Shànghǎi Túshūguǎn,シャンハイ・トゥーシューグアン,sh_10,1
sh_shanghaiyouyongguan,上海游泳馆,上海游泳館,Shànghǎi Yóuyǒngguǎn,シャンハイ・ヨウヨングアン,sh_11,1
sh_shibodadao,世博大道,世博大道,Shìbó Dàdào,シーボー・ダーダオ,sh_13,1
sh_shibohuibowuguan,世博会博物馆,世博会博物館,Shìbóhuì Bówùguǎn,シーボーフイ・ボーウーグアン,sh_13,1
sh_shijidadao,世纪大道,世紀大道,Shìjì Dàdào,シージー・ダーダオ,sh_2/sh_4/sh_6/sh_9,1
sh_shijigongyuan,世纪公园,世紀公園,Shìjì Gōngyuán,シージー・ゴンユエン,sh_2,1
sh_shangchenglu,商城路,商城路,Shāngchéng Lù,シャンチョン・ルー,sh_9,1
sh_shanxinanlu,陕西南路,陝西南路,Shǎnxī Nán Lù,シャンシー・ナンルー,sh_1/sh_10/sh_12,1
sh_sichuanbeilu,四川北路,四川北路,Sìchuān Běi Lù,スーチュアン・ベイルー,sh_10,1
sh_tiantonglu,天潼路,天潼路,Tiāntóng Lù,ティエントン・ルー,sh_10/sh_12,1
sh_tangzhen,唐镇,唐鎮,Tángzhèn,タンジェン,sh_2,1
sh_tilanqiao,提篮桥,提籃橋,Tílánqiáo,ティーランチャオ,sh_12,1
sh_wudinglu,武定路,武定路,Wǔdìng Lù,ウーディン・ルー,sh_14,1
sh_xiaonanmen,小南门,小南門,Xiǎonánmén,シャオナンメン,sh_9,1
sh_xujiahui,徐家汇,徐家匯,Xújiāhuì,シュージャーフイ,sh_1/sh_9/sh_11,1
sh_xinzhalu,新闸路,新閘路,Xīnzhá Lù,シンジャー・ルー,sh_1,1
sh_xizangnanlu,西藏南路,西蔵南路,Xīzàng Nán Lù,シーザン・ナンルー,sh_4/sh_8,1
sh_yuandongdadao,远东大道,遠東大道,Yuǎndōng Dàdào,ユエンドン・ダーダオ,sh_2,1
sh_yuyuan,豫园,豫園,Yùyuán,ユーユエン,sh_10/sh_14,1
sh_yunjinlu,云锦路,雲錦路,Yúnjǐn Lù,ユンジン・ルー,sh_11,1
sh_yidahuizhihuangpinanlu,一大会址·黄陂南路,一大会址・黄陂南路,Yīdà Huìzhǐ · Huángpí Nán Lù,イーダー・フイジー／ホアンピー・ナンルー,sh_1/sh_14,1
sh_yidahuizhixintiandi,一大会址·新天地,一大会址・新天地,Yīdà Huìzhǐ · Xīntiāndì,イーダー・フイジー／シンティエンディー,sh_10/sh_13,1
sh_zhaojiabanglu,肇嘉浜路,肇嘉浜路,Zhàojiābāng Lù,ジャオジャーバン・ルー,sh_7/sh_9,1
sh_zhangjianggaoke,张江高科,張江高科,Zhāngjiāng Gāokē,ジャンジアン・ガオコー,sh_2,1
sh_zhonghuayishugong,中华艺术宫,中華芸術宮,Zhōnghuá Yìshùgōng,ジョンホア・イーシューゴン,sh_8,1
sh_ziranbowuguan,自然博物馆,自然博物館,Zìrán Bówùguǎn,ズーラン・ボーウーグアン,sh_13,1
