原表記,日本漢字,ピンイン,カタカナ,路線,修正（日本漢字）,修正（ピンイン）,修正（カタカナ）,メモ
车公庙,車公廟,Chēgōngmiào,チョーゴンミャオ,1/7/9/11,,,,
竹子林,竹子林,Zhúzǐlín,ジューズーリン,1,,,,
香蜜湖,香蜜湖,Xiāngmìhú,シアンミーフー,1,,,,
购物公园,購物公園,Gòuwù Gōngyuán,ゴウウー・ゴンユエン,1/3,,,,
会展中心,会展中心,Huìzhǎn Zhōngxīn,フイジャン・ジョンシン,1/4,,,,
岗厦,崗厦,Gǎngxià,ガンシア,1/10,,,,
世界之窗,世界之窗,Shìjiè Zhīchuāng,シージエ・ジーチュアン,1/2,,,,
科学馆,科学館,Kēxuéguǎn,コーシュエグアン,1/6,,,,
深大,深大,Shēndà,シェンダー,1/13,,,,
大剧院,大劇院,Dàjùyuàn,ダージューユエン,1/2/5,,,,
老街,老街,Lǎo Jiē,ラオ・ジエ,1/3,,,,
桃园,桃園,Táoyuán,タオユエン,1/12,,,,
安托山,安托山,Āntuōshān,アントゥオシャン,2/7,,,,
福田,福田,Fútián,フーティエン,2/3/11,,,,
景田,景田,Jǐngtián,ジンティエン,2/9,,,,
市民中心,市民中心,Shìmín Zhōngxīn,シーミン・ジョンシン,2/4,,,,
岗厦北,崗厦北,Gǎngxià Běi,ガンシア・ベイ,2/10/11/14,,,,
华强北,華強北,Huáqiáng Běi,ホアチアン・ベイ,2/7,,,,
科苑,科苑,Kēyuàn,コーユエン,2/13,,,,
后海,後海,Hòuhǎi,ホウハイ,2/11/13,,,,
湖贝,湖貝,Húbèi,フーベイ,2/5,,,,
黄贝岭,黄貝嶺,Huángbèilǐng,ホアンベイリン,2/5,,,,
海上世界,海上世界,Hǎishàng Shìjiè,ハイシャン・シージエ,2/12,,,,
石厦,石厦,Shíxià,シーシア,3/7,,,,
少年宫,少年宮,Shàoniángōng,シャオニエンゴン,3/4,,,,
莲花村,蓮花村,Liánhuācūn,リエンホアツン,3/10,,,,
华新,華新,Huáxīn,ホアシン,3/7,,,,
通新岭,通新嶺,Tōngxīnlǐng,トンシンリン,3/6,,,,
红岭,紅嶺,Hónglǐng,ホンリン,3/9,,,,
田贝,田貝,Tiánbèi,ティエンベイ,3/7,,,,
福民,福民,Fúmín,フーミン,4/7/10,,,,
福田口岸,福田口岸,Fútián Kǒu'àn,フーティエン・コウアン,4/10,,,,
上梅林,上梅林,Shàngméilín,シャンメイリン,4/9,,,,
太安,太安,Tài'ān,タイアン,5/7,,,,
八卦岭,八卦嶺,Bāguàlǐng,バーグアリン,6/7,,,,
银湖,銀湖,Yínhú,インフー,6/9,,,,
上沙,上沙,Shàngshā,シャンシャー,7,,,,
农林,農林,Nónglín,ノンリン,7,,,,
沙尾,沙尾,Shāwěi,シャーウェイ,7,,,,
华强南,華強南,Huáqiáng Nán,ホアチアン・ナン,7/11,,,,
黄木岗,黄木崗,Huángmùgǎng,ホアンムーガン,7/14,,,,
红岭北,紅嶺北,Hónglǐng Běi,ホンリン・ベイ,7/9,,,,
下沙,下沙,Xiàshā,シアシャー,9,,,,
香梅,香梅,Xiāngméi,シアンメイ,9,,,,
红树湾南,紅樹湾南,Hóngshùwān Nán,ホンシューワン・ナン,9/11,,,,
孖岭,孖嶺,Mālǐng,マーリン,9/10,,,,
粤海门,粤海門,Yuèhǎimén,ユエハイメン,9/13,,,,
红岭南,紅嶺南,Hónglǐng Nán,ホンリン・ナン,9/11,,,,
南油,南油,Nányóu,ナンヨウ,9/12,,,,
南山,南山,Nánshān,ナンシャン,11/12,,,,
