路線網,駅ID,種別,原表記,日本漢字,英語名,路線,ピンイン,普通話カナ,粤拼,広東語カナ,確認済み
高鉄,hsr_guangzhounanzhan,高鉄,广州南站,広州南站,Guangzhounan,广深港,Guǎngzhōu Nánzhàn,グアンジョウ・ナンジャン,,,
高鉄,hsr_nanshabeizhan,高鉄,南沙北站,南沙北站,Nanshabei,广深港,Nánshā Běizhàn,ナンシャー・ベイジャン,,,
高鉄,hsr_humenzhan,高鉄,虎门站,虎門站,Humen,广深港,Hǔménzhàn,フーメンジャン,,,
高鉄,hsr_guangmingchengzhan,高鉄,光明城站,光明城站,Guangmingcheng,广深港,Guāngmíng Chéngzhàn,グアンミン・チョンジャン,,,
高鉄,hsr_shenzhenbeizhan,高鉄,深圳北站,深圳北站,Shenzhen North,广深港・广九,Shēnzhèn Běizhàn,シェンジェン・ベイジャン,,,
高鉄,hsr_futianzhan,高鉄,福田站,福田站,Futian,广深港・广九,Fútiánzhàn,フーティエンジャン,,,
高鉄,hsr_hongkongwestkowloon,高鉄,香港西九龍站,香港西九龍站,Hong Kong West Kowloon,广深港・广九,Xiānggǎng Xījiǔlóngzhàn,,hoeng1 gong2 sai1 gau2 lung4 zaam6,ホンコン・サイカウロンチャム,
高鉄,hsr_guangzhouzhan,高鉄,广州站,広州站,Guangzhou,广深,Guǎngzhōuzhàn,グアンジョウジャン,,,
高鉄,hsr_guangzhoudongzhan,高鉄,广州东站,広州東站,Guangzhoudong,广深・广九,Guǎngzhōu Dōngzhàn,グアンジョウ・ドンジャン,,,
高鉄,hsr_shipaizhan,高鉄,石牌站,石牌站,Shipai,广深,Shípáizhàn,シーパイジャン,,,
高鉄,hsr_guangzhouxintangzhan,高鉄,广州新塘站,広州新塘站,Guangzhou Xintang,广深・广九,Guǎngzhōu Xīntángzhàn,グアンジョウ・シンタンジャン,,,
高鉄,hsr_shilongzhan,高鉄,石龙站,石龍站,,广深,Shílóngzhàn,シーロンジャン,,,
高鉄,hsr_dongguanzhan,高鉄,东莞站,東莞站,Dongguan,广深・广九,Dōngguǎnzhàn,ドングアンジャン,,,
高鉄,hsr_changpingzhan,高鉄,常平站,常平站,Changping,广深,Chángpíngzhàn,チャンピンジャン,,,
高鉄,hsr_zhangmutouzhan,高鉄,樟木头站,樟木頭站,Zhangmutou,广深,Zhāngmù Tóuzhàn,ジャンムー・トウジャン,,,
高鉄,hsr_pinghuzhan,高鉄,平湖站,平湖站,Pinghu,广深,Pínghúzhàn,ピンフージャン,,,
高鉄,hsr_shenzhendongzhan,高鉄,深圳东站,深圳東站,Shenzhendong,广深,Shēnzhèn Dōngzhàn,シェンジェン・ドンジャン,,,
高鉄,hsr_shenzhenzhan,高鉄,深圳站,深圳站,Shenzhen,广深,Shēnzhènzhàn,シェンジェンジャン,,,
高鉄,hsr_dongguannanzhan,高鉄,东莞南站,東莞南站,Dongguannan,广九,Dōngguǎn Nánzhàn,ドングアン・ナンジャン,,,
